[
  {
    "compound_id": "4531024",
    "score": 0.744,
    "smiles": "COC1=C(C=CC=C1)C(=O)N1CC2=C(CC1C)C=C1OCOC1=C2"
  },
  {
    "compound_id": "1464595",
    "score": 0.744,
    "smiles": "COC1=CC2=C(C=C1OC)C(C(C)C)N(CC2)C(=O)C1=CC2=C(OCO2)C=C1"
  },
  {
    "compound_id": "4553762",
    "score": 0.74,
    "smiles": "CC1CC2=C(CN1C(=O)C1=CC3=C(OCO3)C=C1)C=C1OCOC1=C2"
  },
  {
    "compound_id": "3430783",
    "score": 0.735,
    "smiles": "COC1=CC2=C(CN(C(C)C2)C(=O)C2=CC3=C(OCO3)C=C2)C=C1OC"
  },
  {
    "compound_id": "4531025",
    "score": 0.733,
    "smiles": "COC1=CC=CC(=C1)C(=O)N1CC2=C(CC1C)C=C1OCOC1=C2"
  },
  {
    "compound_id": "4531046",
    "score": 0.725,
    "smiles": "COC1=CC=CC(CC(=O)N2CC3=C(CC2C)C=C2OCOC2=C3)=C1"
  },
  {
    "compound_id": "4531026",
    "score": 0.725,
    "smiles": "COC1=CC=C(C=C1)C(=O)N1CC2=C(CC1C)C=C1OCOC1=C2"
  },
  {
    "compound_id": "25626003",
    "score": 0.724,
    "smiles": "COC1=C(CNC(=O)C2C(N(C)C(=O)C3=C2C=CC=C3)C2=CC3=C(OCO3)C=C2)C=CC=C1"
  },
  {
    "compound_id": "1464122",
    "score": 0.72,
    "smiles": "CC(C)C1N(CCC2=C1C=CC=C2)C(=O)C1=CC2=C(OCO2)C=C1"
  },
  {
    "compound_id": "4531030",
    "score": 0.718,
    "smiles": "COC1=CC=C(CC(=O)N2CC3=C(CC2C)C=C2OCOC2=C3)C=C1"
  }
]