[
  {
    "Protein": "DRD2",
    "PDB_ID": "6CM4",
    "Affinity_kcal_per_mol": -5.516,
    "Associated_Diseases": "Dystonia 11 (DYT11), Major Depressive Disorder (MDD)"
  },
  {
    "Protein": "DRD1",
    "PDB_ID": "6OIT",
    "Affinity_kcal_per_mol": -4.003,
    "Associated_Diseases": "Cerebral Meningioma, Metachromatic Leukodystrophy (MLD)"
  },
  {
    "Protein": "HTR1A",
    "PDB_ID": "8PJK",
    "Affinity_kcal_per_mol": -3.753,
    "Associated_Diseases": "PFMC, Generalized Anxiety Disorder"
  },
  {
    "Protein": "F3",
    "PDB_ID": "1Z5H",
    "Affinity_kcal_per_mol": 0.0,
    "Associated_Diseases": "Disseminated Intravascular Coagulation, Carotid Artery Thrombosis"
  },
  {
    "Protein": "HTR7",
    "PDB_ID": "7XTC",
    "Affinity_kcal_per_mol": -3.782,
    "Associated_Diseases": "Migraine, Ocular Hypotension"
  },
  {
    "Protein": "HRH1",
    "PDB_ID": "3RZE",
    "Affinity_kcal_per_mol": -4.959,
    "Associated_Diseases": "Histamine-H1 axis in immunotherapy response"
  },
  {
    "Protein": "KIAA0101",
    "PDB_ID": "6GWS",
    "Affinity_kcal_per_mol": -0.752,
    "Associated_Diseases": "Tissue regeneration, Callus"
  },
  {
    "Protein": "DRD5",
    "PDB_ID": "8IRV",
    "Affinity_kcal_per_mol": -3.342,
    "Associated_Diseases": "Benign Essential Blepharospasm, ADHD"
  },
  {
    "Protein": "PTGS2",
    "PDB_ID": "3HS5",
    "Affinity_kcal_per_mol": -6.843,
    "Associated_Diseases": "Bursitis, Gastric Ulcer"
  },
  {
    "Protein": "ERN1",
    "PDB_ID": "2BE1",
    "Affinity_kcal_per_mol": -3.995,
    "Associated_Diseases": "Endothelial proliferation, chromatin remodelling"
  },
  {
    "Protein": "DUSP3",
    "PDB_ID": "3F81",
    "Affinity_kcal_per_mol": -4.751,
    "Associated_Diseases": "Vaccinia, Klippel-Feil Syndrome 2"
  },
  {
    "Protein": "PIK3CA",
    "PDB_ID": "7R9V",
    "Affinity_kcal_per_mol": -6.05,
    "Associated_Diseases": "MCAP, CLOVES Syndrome"
  },
  {
    "Protein": "PIK3CD",
    "PDB_ID": "4XE0",
    "Affinity_kcal_per_mol": -6.747,
    "Associated_Diseases": "IMD14A, Roifman-Chitayat Syndrome"
  },
  {
    "Protein": "APP",
    "PDB_ID": "6HGU",
    "Affinity_kcal_per_mol": -4.791,
    "Associated_Diseases": "Alzheimer’s Disease, CAA-APP"
  },
  {
    "Protein": "TYMS",
    "PDB_ID": "1YPV",
    "Affinity_kcal_per_mol": -0.618,
    "Associated_Diseases": "Dyskeratosis Congenita"
  },
  {
    "Protein": "PDPK1",
    "PDB_ID": "4C0T",
    "Affinity_kcal_per_mol": -5.74,
    "Associated_Diseases": "Cowden Syndrome 6, Glioblastoma"
  },
  {
    "Protein": "LRRK2",
    "PDB_ID": "8R4C",
    "Affinity_kcal_per_mol": -4.419,
    "Associated_Diseases": "Parkinson’s Disease (PARK8)"
  },
  {
    "Protein": "NEK1",
    "PDB_ID": "5LPH",
    "Affinity_kcal_per_mol": -4.869,
    "Associated_Diseases": "SRTD6, Orofaciodigital Syndrome II"
  },
  {
    "Protein": "CCNE1",
    "PDB_ID": "5L2W",
    "Affinity_kcal_per_mol": -5.628,
    "Associated_Diseases": "Pancreatic, Ovarian Cancer"
  },
  {
    "Protein": "CDK2",
    "PDB_ID": "5NEV",
    "Affinity_kcal_per_mol": -4.408,
    "Associated_Diseases": "Breast Cancer, Endometrial Hyperplasia"
  },
  {
    "Protein": "MKNK2",
    "PDB_ID": "2HW7",
    "Affinity_kcal_per_mol": -5.451,
    "Associated_Diseases": "Colon Adenocarcinoma"
  },
  {
    "Protein": "ADRA1B",
    "PDB_ID": "AlphaFold",
    "Affinity_kcal_per_mol": -5.034,
    "Associated_Diseases": "Familial Hyperthyroidism"
  },
  {
    "Protein": "TTK",
    "PDB_ID": "AlphaFold",
    "Affinity_kcal_per_mol": -5.433,
    "Associated_Diseases": "Lung, Breast Cancer"
  },
  {
    "Protein": "JAK2",
    "PDB_ID": "AlphaFold",
    "Affinity_kcal_per_mol": -5.964,
    "Associated_Diseases": "Polycythaemia Vera, Thrombocythemia 3"
  },
  {
    "Protein": "JAK1",
    "PDB_ID": "AlphaFold",
    "Affinity_kcal_per_mol": -5.411,
    "Associated_Diseases": "AIIDE, Lymphoma"
  },
  {
    "Protein": "JAK3",
    "PDB_ID": "AlphaFold",
    "Affinity_kcal_per_mol": -6.305,
    "Associated_Diseases": "SCID (T-B+NK-)"
  },
  {
    "Protein": "MAPK8",
    "PDB_ID": "AlphaFold",
    "Affinity_kcal_per_mol": -3.943,
    "Associated_Diseases": "Hepatitis C, Ectodermal Dysplasia"
  },
  {
    "Protein": "CYP19A1",
    "PDB_ID": "AlphaFold",
    "Affinity_kcal_per_mol": -3.547,
    "Associated_Diseases": "Aromatase Syndromes"
  },
  {
    "Protein": "TRHR",
    "PDB_ID": "AlphaFold",
    "Affinity_kcal_per_mol": -5.238,
    "Associated_Diseases": "CHNG7, AHDS"
  },
  {
    "Protein": "PIM3",
    "PDB_ID": "AlphaFold",
    "Affinity_kcal_per_mol": -5.999,
    "Associated_Diseases": "SCAX5, Hepatic Cancer"
  },
  {
    "Protein": "PIM1",
    "PDB_ID": "AlphaFold",
    "Affinity_kcal_per_mol": -4.09,
    "Associated_Diseases": "Multiple Myeloma"
  },
  {
    "Protein": "PARP2",
    "PDB_ID": "AlphaFold",
    "Affinity_kcal_per_mol": -4.567,
    "Associated_Diseases": "Fallopian Tube Carcinoma, Cockayne Syndrome"
  }
]