combo,Cn_prediction,efficacy_score,half_life_hr
Limonene,0.052134303207060986,0.7446,0.8983
Quercetin,0.05220699703367068,0.6222,0.0467
Myrcene,0.052134032654387756,0.758,0.9449
Eugenol,0.05213446816626407,0.6375,1.1624
Apiole,0.05213991962547516,0.6405,0.6101
Limonene+Quercetin,0.052157436466494664,0.6864,0.2832
Limonene+Myrcene,0.052134161548715974,0.7514,0.9214
Limonene+Eugenol,0.05212444233727063,0.6936,4.3106
Limonene+Apiole,0.05213054230676221,0.6949,2.6495
Quercetin+Myrcene,0.05215700129694461,0.694,0.2914
Quercetin+Eugenol,0.05217198875175736,0.6298,0.1508
Quercetin+Apiole,0.05216426073018803,0.6315,0.1245
Myrcene+Eugenol,0.052124020568598904,0.7012,4.4336
Myrcene+Apiole,0.05213009053155333,0.7024,2.7249
Eugenol+Apiole,0.05213710449241756,0.639,0.8256
Limonene+Quercetin+Myrcene,0.05214062278287327,0.7116,0.7034
Limonene+Quercetin+Eugenol,0.05214938742414863,0.6704,0.4111
Limonene+Quercetin+Apiole,0.05214660423138416,0.6715,0.3487
Limonene+Myrcene+Eugenol,0.052121892219325304,0.7163,8.2823
Limonene+Myrcene+Apiole,0.05212618509297241,0.7171,5.4633
Limonene+Eugenol+Apiole,0.05213122881304229,0.6763,1.9553
Quercetin+Myrcene+Eugenol,0.05214908618992545,0.6756,0.4193
Quercetin+Myrcene+Apiole,0.05214627720001459,0.6767,0.3556
Quercetin+Eugenol+Apiole,0.052155265634598165,0.6335,0.2195
Myrcene+Eugenol+Apiole,0.052130842328362195,0.6814,1.9937
Limonene+Quercetin+Myrcene+Eugenol,0.052138833518234194,0.6938,0.7841
Limonene+Quercetin+Myrcene+Apiole,0.052138125842973074,0.6946,0.6773
Limonene+Quercetin+Eugenol+Apiole,0.05214403721928421,0.6631,0.4458
Limonene+Myrcene+Eugenol+Apiole,0.052128111957936984,0.698,3.3891
Quercetin+Myrcene+Eugenol+Apiole,0.05214378245941777,0.667,0.4525
Limonene+Quercetin+Myrcene+Eugenol+Apiole,0.05213759323325382,0.6835,0.7443
