{
  "timestamp": "Thu Sep 11 04:38:28 2025",
  "use_rdkit": true,
  "results": [
    {
      "names": [
        "Limonene"
      ],
      "smiles": [
        "CC1=CCC(CC1)C(=C)C"
      ],
      "aggregated_descriptors": {
        "MolecularWeight": 136.125200512,
        "XLogP": 3.308900000000002,
        "TPSA": 0.0,
        "HBondDonorCount": 0.0,
        "HBondAcceptorCount": 0.0
      },
      "agent": {
        "At": 0.7118631198494281,
        "Ab": 0.45454545454545453,
        "Ex": 0.7199791321893427,
        "T": 0.8596087284321128,
        "Cn": 0.06040860439289912,
        "D": 0.1619155940603879,
        "H": 1.362259237766208,
        "SHP": 3.8212171662082826,
        "C": 3.0429405452026126,
        "Ct": 7.034108730930096
      },
      "prediction": 0.052134303207060986,
      "pk": {
        "vd_L_per_kg": 1.17,
        "clearance_L_per_hr_per_kg": 0.9026,
        "half_life_hr": 0.8983,
        "bioavailability": 0.4549,
        "C0_mg_per_L_est": 1.221
      },
      "pd": {
        "efficacy_score": 0.7446
      },
      "pubchem_cid": null,
      "bioassays": [],
      "pubmed_hits": [],
      "drugbank": {},
      "Cn_mapped": 0.06040860439289912
    },
    {
      "names": [
        "Quercetin"
      ],
      "smiles": [
        "Oc1cc(O)c2c(c1)oc(c(c2=O)O)c1ccc(c(c1)O)O"
      ],
      "aggregated_descriptors": {
        "MolecularWeight": 302.04265266,
        "XLogP": 1.9879999999999995,
        "TPSA": 131.36,
        "HBondDonorCount": 5.0,
        "HBondAcceptorCount": 7.0
      },
      "agent": {
        "At": 0.5606991496822529,
        "Ab": 0.15677257525083613,
        "Ex": 0.5367747011214363,
        "T": 0.6424897285042944,
        "Cn": 0.15838807444734246,
        "D": 0.031548918299503216,
        "H": 1.2902547561923936,
        "SHP": 3.3059309914999604,
        "C": 3.1172316507660374,
        "Ct": 6.591444319297781
      },
      "prediction": 0.05220699703367068,
      "pk": {
        "vd_L_per_kg": 0.1508,
        "clearance_L_per_hr_per_kg": 2.2376,
        "half_life_hr": 0.0467,
        "bioavailability": 0.121,
        "C0_mg_per_L_est": 9.4752
      },
      "pd": {
        "efficacy_score": 0.6222
      },
      "pubchem_cid": null,
      "bioassays": [],
      "pubmed_hits": [],
      "drugbank": {},
      "Cn_mapped": 0.15838807444734246
    },
    {
      "names": [
        "Myrcene"
      ],
      "smiles": [
        "C=CC(=C)CCC=C(C)C"
      ],
      "aggregated_descriptors": {
        "MolecularWeight": 136.125200512,
        "XLogP": 3.4750000000000023,
        "TPSA": 0.0,
        "HBondDonorCount": 0.0,
        "HBondAcceptorCount": 0.0
      },
      "agent": {
        "At": 0.728593842827928,
        "Ab": 0.45454545454545453,
        "Ex": 0.7199791321893427,
        "T": 0.8655152282125079,
        "Cn": 0.06161375054818569,
        "D": 0.15924399335346695,
        "H": 1.36171261322762,
        "SHP": 3.823841906610125,
        "C": 3.0425797602575533,
        "Ct": 7.036329372958727
      },
      "prediction": 0.052134032654387756,
      "pk": {
        "vd_L_per_kg": 1.2066,
        "clearance_L_per_hr_per_kg": 0.885,
        "half_life_hr": 0.9449,
        "bioavailability": 0.4549,
        "C0_mg_per_L_est": 1.184
      },
      "pd": {
        "efficacy_score": 0.758
      },
      "pubchem_cid": null,
      "bioassays": [],
      "pubmed_hits": [],
      "drugbank": {},
      "Cn_mapped": 0.06161375054818569
    },
    {
      "names": [
        "Eugenol"
      ],
      "smiles": [
        "C=CCc1ccc(c(c1)OC)O"
      ],
      "aggregated_descriptors": {
        "MolecularWeight": 164.083729624,
        "XLogP": 2.1293,
        "TPSA": 29.46,
        "HBondDonorCount": 1.0,
        "HBondAcceptorCount": 2.0
      },
      "agent": {
        "At": 0.5780198657011036,
        "Ab": 0.558909009613235,
        "Ex": 0.6808229473747194,
        "T": 0.7889106142988536,
        "Cn": 0.05607062194465563,
        "D": 0.17199412734939576,
        "H": 1.3765339158728183,
        "SHP": 3.7450919905479303,
        "C": 3.081167860486169,
        "Ct": 7.032758512922218
      },
      "prediction": 0.05213446816626407,
      "pk": {
        "vd_L_per_kg": 1.2814,
        "clearance_L_per_hr_per_kg": 0.7639,
        "half_life_hr": 1.1624,
        "bioavailability": 0.5586,
        "C0_mg_per_L_est": 1.1149
      },
      "pd": {
        "efficacy_score": 0.6375
      },
      "pubchem_cid": null,
      "bioassays": [],
      "pubmed_hits": [],
      "drugbank": {},
      "Cn_mapped": 0.05607062194465563
    },
    {
      "names": [
        "Apiole"
      ],
      "smiles": [
        "C=CCc1cc(OC)c2c(c1OC)OCO2"
      ],
      "aggregated_descriptors": {
        "MolecularWeight": 222.089208928,
        "XLogP": 2.1609999999999996,
        "TPSA": 36.92,
        "HBondDonorCount": 0.0,
        "HBondAcceptorCount": 4.0
      },
      "agent": {
        "At": 0.5818810295683254,
        "Ab": 0.5158893933140734,
        "Ex": 0.6117926969044597,
        "T": 0.7384357131228196,
        "Cn": 0.07934730942236766,
        "D": 0.12503337778332638,
        "H": 1.3777267207528407,
        "SHP": 3.583650093424495,
        "C": 3.14742008088513,
        "Ct": 6.989621060845484
      },
      "prediction": 0.05213991962547516,
      "pk": {
        "vd_L_per_kg": 0.7612,
        "clearance_L_per_hr_per_kg": 0.8647,
        "half_life_hr": 0.6101,
        "bioavailability": 0.5185,
        "C0_mg_per_L_est": 1.8767
      },
      "pd": {
        "efficacy_score": 0.6405
      },
      "pubchem_cid": null,
      "bioassays": [],
      "pubmed_hits": [],
      "drugbank": {},
      "Cn_mapped": 0.07934730942236766
    },
    {
      "names": [
        "Limonene",
        "Quercetin"
      ],
      "smiles": [
        "CC1=CCC(CC1)C(=C)C",
        "Oc1cc(O)c2c(c1)oc(c(c2=O)O)c1ccc(c(c1)O)O"
      ],
      "aggregated_descriptors": {
        "MolecularWeight": 219.083926586,
        "XLogP": 2.648450000000001,
        "TPSA": 65.68,
        "HBondDonorCount": 2.5,
        "HBondAcceptorCount": 3.5
      },
      "agent": {
        "At": 0.6397374991788995,
        "Ab": 0.31826861871419476,
        "Ex": 0.6150235205195309,
        "T": 0.768367374837246,
        "Cn": 0.09643832221367311,
        "D": 0.09865089679011899,
        "H": 1.3425723752567855,
        "SHP": 3.5700762449446835,
        "C": 3.0991743111755086,
        "Ct": 6.866388549130143
      },
      "prediction": 0.052157436466494664,
      "pk": {
        "vd_L_per_kg": 0.4846,
        "clearance_L_per_hr_per_kg": 1.1856,
        "half_life_hr": 0.2832,
        "bioavailability": 0.3111,
        "C0_mg_per_L_est": 2.9481
      },
      "pd": {
        "efficacy_score": 0.6864
      },
      "pubchem_cid": null,
      "bioassays": [],
      "pubmed_hits": [],
      "drugbank": {},
      "Cn_mapped": 0.09643832221367311
    },
    {
      "names": [
        "Limonene",
        "Myrcene"
      ],
      "smiles": [
        "CC1=CCC(CC1)C(=C)C",
        "C=CC(=C)CCC=C(C)C"
      ],
      "aggregated_descriptors": {
        "MolecularWeight": 136.125200512,
        "XLogP": 3.3919500000000022,
        "TPSA": 0.0,
        "HBondDonorCount": 0.0,
        "HBondAcceptorCount": 0.0
      },
      "agent": {
        "At": 0.7203049980515738,
        "Ab": 0.45454545454545453,
        "Ex": 0.7199791321893427,
        "T": 0.8625886562957468,
        "Cn": 0.0610111774705424,
        "D": 0.16057319712536744,
        "H": 1.3619933538892925,
        "SHP": 3.8225479034188408,
        "C": 3.042773111579556,
        "Ct": 7.035270481522351
      },
      "prediction": 0.052134161548715974,
      "pk": {
        "vd_L_per_kg": 1.1883,
        "clearance_L_per_hr_per_kg": 0.8937,
        "half_life_hr": 0.9214,
        "bioavailability": 0.4549,
        "C0_mg_per_L_est": 1.2022
      },
      "pd": {
        "efficacy_score": 0.7514
      },
      "pubchem_cid": null,
      "bioassays": [],
      "pubmed_hits": [],
      "drugbank": {},
      "Cn_mapped": 0.0610111774705424
    },
    {
      "names": [
        "Limonene",
        "Eugenol"
      ],
      "smiles": [
        "CC1=CCC(CC1)C(=C)C",
        "C=CCc1ccc(c(c1)OC)O"
      ],
      "aggregated_descriptors": {
        "MolecularWeight": 150.104465068,
        "XLogP": 2.719100000000001,
        "TPSA": 14.73,
        "HBondDonorCount": 0.5,
        "HBondAcceptorCount": 1.0
      },
      "agent": {
        "At": 0.6478381441645142,
        "Ab": 0.7299003685996861,
        "Ex": 0.6998537794546784,
        "T": 0.8270993508468091,
        "Cn": 0.05098981387691318,
        "D": 0.1848406992427395,
        "H": 1.382305058557963,
        "SHP": 3.8257953449265845,
        "C": 3.0780641296195212,
        "Ct": 7.120691117746671
      },
      "prediction": 0.05212444233727063,
      "pk": {
        "vd_L_per_kg": 3.2015,
        "clearance_L_per_hr_per_kg": 0.5147,
        "half_life_hr": 4.3106,
        "bioavailability": 0.7061,
        "C0_mg_per_L_est": 0.4462
      },
      "pd": {
        "efficacy_score": 0.6936
      },
      "pubchem_cid": null,
      "bioassays": [],
      "pubmed_hits": [],
      "drugbank": {},
      "Cn_mapped": 0.05098981387691318
    },
    {
      "names": [
        "Limonene",
        "Apiole"
      ],
      "smiles": [
        "CC1=CCC(CC1)C(=C)C",
        "C=CCc1cc(OC)c2c(c1OC)OCO2"
      ],
      "aggregated_descriptors": {
        "MolecularWeight": 179.10720472,
        "XLogP": 2.734950000000001,
        "TPSA": 18.46,
        "HBondDonorCount": 0.0,
        "HBondAcceptorCount": 2.0
      },
      "agent": {
        "At": 0.6496440591453075,
        "Ab": 0.637267397399949,
        "Ex": 0.6614916540121915,
        "T": 0.8061130875784821,
        "Cn": 0.06231992618206905,
        "D": 0.15770270035543899,
        "H": 1.3815284889261676,
        "SHP": 3.737761012950804,
        "C": 3.099405704891773,
        "Ct": 7.065695310359135
      },
      "prediction": 0.05213054230676221,
      "pk": {
        "vd_L_per_kg": 2.1481,
        "clearance_L_per_hr_per_kg": 0.5619,
        "half_life_hr": 2.6495,
        "bioavailability": 0.6236,
        "C0_mg_per_L_est": 0.665
      },
      "pd": {
        "efficacy_score": 0.6949
      },
      "pubchem_cid": null,
      "bioassays": [],
      "pubmed_hits": [],
      "drugbank": {},
      "Cn_mapped": 0.06231992618206905
    },
    {
      "names": [
        "Quercetin",
        "Myrcene"
      ],
      "smiles": [
        "Oc1cc(O)c2c(c1)oc(c(c2=O)O)c1ccc(c(c1)O)O",
        "C=CC(=C)CCC=C(C)C"
      ],
      "aggregated_descriptors": {
        "MolecularWeight": 219.083926586,
        "XLogP": 2.731500000000001,
        "TPSA": 65.68,
        "HBondDonorCount": 2.5,
        "HBondAcceptorCount": 3.5
      },
      "agent": {
        "At": 0.6492513363859622,
        "Ab": 0.31826861871419476,
        "Ex": 0.6150235205195309,
        "T": 0.7727720413355846,
        "Cn": 0.09748415339644159,
        "D": 0.09719210012643886,
        "H": 1.3419453720128636,
        "SHP": 3.5728268812046173,
        "C": 3.098981437062334,
        "Ct": 6.869221721382071
      },
      "prediction": 0.05215700129694461,
      "pk": {
        "vd_L_per_kg": 0.4932,
        "clearance_L_per_hr_per_kg": 1.1729,
        "half_life_hr": 0.2914,
        "bioavailability": 0.3111,
        "C0_mg_per_L_est": 2.8964
      },
      "pd": {
        "efficacy_score": 0.694
      },
      "pubchem_cid": null,
      "bioassays": [],
      "pubmed_hits": [],
      "drugbank": {},
      "Cn_mapped": 0.09748415339644159
    },
    {
      "names": [
        "Quercetin",
        "Eugenol"
      ],
      "smiles": [
        "Oc1cc(O)c2c(c1)oc(c(c2=O)O)c1ccc(c(c1)O)O",
        "C=CCc1ccc(c(c1)OC)O"
      ],
      "aggregated_descriptors": {
        "MolecularWeight": 233.063191142,
        "XLogP": 2.05865,
        "TPSA": 80.41000000000001,
        "HBondDonorCount": 3.0,
        "HBondAcceptorCount": 4.5
      },
      "agent": {
        "At": 0.5693807309338118,
        "Ab": 0.2670749946585001,
        "Ex": 0.6002779892767413,
        "T": 0.7215732811890104,
        "Cn": 0.10114087294197918,
        "D": 0.0922117042009994,
        "H": 1.3323126032649166,
        "SHP": 3.5007926556837035,
        "C": 3.0957667605040045,
        "Ct": 6.776798105050826
      },
      "prediction": 0.05217198875175736,
      "pk": {
        "vd_L_per_kg": 0.3249,
        "clearance_L_per_hr_per_kg": 1.4933,
        "half_life_hr": 0.1508,
        "bioavailability": 0.2517,
        "C0_mg_per_L_est": 4.3976
      },
      "pd": {
        "efficacy_score": 0.6298
      },
      "pubchem_cid": null,
      "bioassays": [],
      "pubmed_hits": [],
      "drugbank": {},
      "Cn_mapped": 0.10114087294197918
    },
    {
      "names": [
        "Quercetin",
        "Apiole"
      ],
      "smiles": [
        "Oc1cc(O)c2c(c1)oc(c(c2=O)O)c1ccc(c(c1)O)O",
        "C=CCc1cc(OC)c2c(c1OC)OCO2"
      ],
      "aggregated_descriptors": {
        "MolecularWeight": 262.065930794,
        "XLogP": 2.0744999999999996,
        "TPSA": 84.14000000000001,
        "HBondDonorCount": 2.5,
        "HBondAcceptorCount": 5.5
      },
      "agent": {
        "At": 0.5713227545028013,
        "Ab": 0.27750797835437757,
        "Ex": 0.5718338211472807,
        "T": 0.6925398606145842,
        "Cn": 0.11580971501358327,
        "D": 0.07389466661162376,
        "H": 1.3395348159082474,
        "SHP": 3.433626046966773,
        "C": 3.153977487911858,
        "Ct": 6.823194929395757
      },
      "prediction": 0.05216426073018803,
      "pk": {
        "vd_L_per_kg": 0.2772,
        "clearance_L_per_hr_per_kg": 1.5427,
        "half_life_hr": 0.1245,
        "bioavailability": 0.2587,
        "C0_mg_per_L_est": 5.1541
      },
      "pd": {
        "efficacy_score": 0.6315
      },
      "pubchem_cid": null,
      "bioassays": [],
      "pubmed_hits": [],
      "drugbank": {},
      "Cn_mapped": 0.11580971501358327
    },
    {
      "names": [
        "Myrcene",
        "Eugenol"
      ],
      "smiles": [
        "C=CC(=C)CCC=C(C)C",
        "C=CCc1ccc(c(c1)OC)O"
      ],
      "aggregated_descriptors": {
        "MolecularWeight": 150.104465068,
        "XLogP": 2.802150000000001,
        "TPSA": 14.73,
        "HBondDonorCount": 0.5,
        "HBondAcceptorCount": 1.0
      },
      "agent": {
        "At": 0.6572526705620201,
        "Ab": 0.7299003685996861,
        "Ex": 0.6998537794546784,
        "T": 0.8306333618309812,
        "Cn": 0.05153709126578982,
        "D": 0.18339681993343918,
        "H": 1.382517420114282,
        "SHP": 3.8275486403375347,
        "C": 3.07890176178575,
        "Ct": 7.1246936889292645
      },
      "prediction": 0.052124020568598904,
      "pk": {
        "vd_L_per_kg": 3.2578,
        "clearance_L_per_hr_per_kg": 0.5092,
        "half_life_hr": 4.4336,
        "bioavailability": 0.7061,
        "C0_mg_per_L_est": 0.4385
      },
      "pd": {
        "efficacy_score": 0.7012
      },
      "pubchem_cid": null,
      "bioassays": [],
      "pubmed_hits": [],
      "drugbank": {},
      "Cn_mapped": 0.05153709126578982
    },
    {
      "names": [
        "Myrcene",
        "Apiole"
      ],
      "smiles": [
        "C=CC(=C)CCC=C(C)C",
        "C=CCc1cc(OC)c2c(c1OC)OCO2"
      ],
      "aggregated_descriptors": {
        "MolecularWeight": 179.10720472,
        "XLogP": 2.818000000000001,
        "TPSA": 18.46,
        "HBondDonorCount": 0.0,
        "HBondAcceptorCount": 2.0
      },
      "agent": {
        "At": 0.6590357165601052,
        "Ab": 0.637267397399949,
        "Ex": 0.6614916540121915,
        "T": 0.8099774989378401,
        "Cn": 0.06298773330679783,
        "D": 0.1562611339514765,
        "H": 1.3815128861420187,
        "SHP": 3.739939146218658,
        "C": 3.0999852783059354,
        "Ct": 7.069599269412045
      },
      "prediction": 0.05213009053155333,
      "pk": {
        "vd_L_per_kg": 2.1858,
        "clearance_L_per_hr_per_kg": 0.5559,
        "half_life_hr": 2.7249,
        "bioavailability": 0.6236,
        "C0_mg_per_L_est": 0.6536
      },
      "pd": {
        "efficacy_score": 0.7024
      },
      "pubchem_cid": null,
      "bioassays": [],
      "pubmed_hits": [],
      "drugbank": {},
      "Cn_mapped": 0.06298773330679783
    },
    {
      "names": [
        "Eugenol",
        "Apiole"
      ],
      "smiles": [
        "C=CCc1ccc(c(c1)OC)O",
        "C=CCc1cc(OC)c2c(c1OC)OCO2"
      ],
      "aggregated_descriptors": {
        "MolecularWeight": 193.086469276,
        "XLogP": 2.14515,
        "TPSA": 33.19,
        "HBondDonorCount": 0.5,
        "HBondAcceptorCount": 3.0
      },
      "agent": {
        "At": 0.5799516708778294,
        "Ab": 0.5853144601937391,
        "Ex": 0.6444645922896816,
        "T": 0.7646082841864849,
        "Cn": 0.06747748399956871,
        "D": 0.1469488518158227,
        "H": 1.3798061249228943,
        "SHP": 3.6605577142999755,
        "C": 3.1160180215541144,
        "Ct": 7.011549474382852
      },
      "prediction": 0.05213710449241756,
      "pk": {
        "vd_L_per_kg": 0.9702,
        "clearance_L_per_hr_per_kg": 0.8144,
        "half_life_hr": 0.8256,
        "bioavailability": 0.5871,
        "C0_mg_per_L_est": 1.4724
      },
      "pd": {
        "efficacy_score": 0.639
      },
      "pubchem_cid": null,
      "bioassays": [],
      "pubmed_hits": [],
      "drugbank": {},
      "Cn_mapped": 0.06747748399956871
    },
    {
      "names": [
        "Limonene",
        "Quercetin",
        "Myrcene"
      ],
      "smiles": [
        "CC1=CCC(CC1)C(=C)C",
        "Oc1cc(O)c2c(c1)oc(c(c2=O)O)c1ccc(c(c1)O)O",
        "C=CC(=C)CCC=C(C)C"
      ],
      "aggregated_descriptors": {
        "MolecularWeight": 191.43101789466664,
        "XLogP": 2.923966666666668,
        "TPSA": 43.78666666666667,
        "HBondDonorCount": 1.6666666666666667,
        "HBondAcceptorCount": 2.3333333333333335
      },
      "agent": {
        "At": 0.6708392557707341,
        "Ab": 0.4335817060637204,
        "Ex": 0.6464350737808878,
        "T": 0.8053438892192895,
        "Cn": 0.07846242869201307,
        "D": 0.12655012288545894,
        "H": 1.3635759884440715,
        "SHP": 3.6723124629737987,
        "C": 3.097696914353374,
        "Ct": 6.984251828999349
      },
      "prediction": 0.05214062278287327,
      "pk": {
        "vd_L_per_kg": 0.8812,
        "clearance_L_per_hr_per_kg": 0.8681,
        "half_life_hr": 0.7034,
        "bioavailability": 0.4357,
        "C0_mg_per_L_est": 1.6212
      },
      "pd": {
        "efficacy_score": 0.7116
      },
      "pubchem_cid": null,
      "bioassays": [],
      "pubmed_hits": [],
      "drugbank": {},
      "Cn_mapped": 0.07846242869201307
    },
    {
      "names": [
        "Limonene",
        "Quercetin",
        "Eugenol"
      ],
      "smiles": [
        "CC1=CCC(CC1)C(=C)C",
        "Oc1cc(O)c2c(c1)oc(c(c2=O)O)c1ccc(c(c1)O)O",
        "C=CCc1ccc(c(c1)OC)O"
      ],
      "aggregated_descriptors": {
        "MolecularWeight": 200.75052759866665,
        "XLogP": 2.4754000000000005,
        "TPSA": 53.606666666666676,
        "HBondDonorCount": 2.0,
        "HBondAcceptorCount": 3.0
      },
      "agent": {
        "At": 0.6195644616421314,
        "Ab": 0.3772414429066034,
        "Ex": 0.6354964406952797,
        "T": 0.7753668007004001,
        "Cn": 0.08155304681909326,
        "D": 0.12132502434620897,
        "H": 1.3561916490665034,
        "SHP": 3.6228847703528397,
        "C": 3.095383307681944,
        "Ct": 6.920513830785184
      },
      "prediction": 0.05214938742414863,
      "pk": {
        "vd_L_per_kg": 0.6238,
        "clearance_L_per_hr_per_kg": 1.0515,
        "half_life_hr": 0.4111,
        "bioavailability": 0.3761,
        "C0_mg_per_L_est": 2.2901
      },
      "pd": {
        "efficacy_score": 0.6704
      },
      "pubchem_cid": null,
      "bioassays": [],
      "pubmed_hits": [],
      "drugbank": {},
      "Cn_mapped": 0.08155304681909326
    },
    {
      "names": [
        "Limonene",
        "Quercetin",
        "Apiole"
      ],
      "smiles": [
        "CC1=CCC(CC1)C(=C)C",
        "Oc1cc(O)c2c(c1)oc(c(c2=O)O)c1ccc(c(c1)O)O",
        "C=CCc1cc(OC)c2c(c1OC)OCO2"
      ],
      "aggregated_descriptors": {
        "MolecularWeight": 220.08568736666666,
        "XLogP": 2.485966666666667,
        "TPSA": 56.09333333333334,
        "HBondDonorCount": 1.6666666666666667,
        "HBondAcceptorCount": 3.6666666666666665
      },
      "agent": {
        "At": 0.6208089771818743,
        "Ab": 0.3876191570001148,
        "Ex": 0.6139427944888707,
        "T": 0.7586626679805597,
        "Cn": 0.09061395923223933,
        "D": 0.10707614977226969,
        "H": 1.3599148705559885,
        "SHP": 3.574038375786109,
        "C": 3.130328349377465,
        "Ct": 6.940156067899335
      },
      "prediction": 0.05214660423138416,
      "pk": {
        "vd_L_per_kg": 0.5451,
        "clearance_L_per_hr_per_kg": 1.0833,
        "half_life_hr": 0.3487,
        "bioavailability": 0.3852,
        "C0_mg_per_L_est": 2.6209
      },
      "pd": {
        "efficacy_score": 0.6715
      },
      "pubchem_cid": null,
      "bioassays": [],
      "pubmed_hits": [],
      "drugbank": {},
      "Cn_mapped": 0.09061395923223933
    },
    {
      "names": [
        "Limonene",
        "Myrcene",
        "Eugenol"
      ],
      "smiles": [
        "CC1=CCC(CC1)C(=C)C",
        "C=CC(=C)CCC=C(C)C",
        "C=CCc1ccc(c(c1)OC)O"
      ],
      "aggregated_descriptors": {
        "MolecularWeight": 145.444710216,
        "XLogP": 2.9710666666666685,
        "TPSA": 9.82,
        "HBondDonorCount": 0.3333333333333333,
        "HBondAcceptorCount": 0.6666666666666666
      },
      "agent": {
        "At": 0.6760183480451297,
        "Ab": 0.8056430822114008,
        "Ex": 0.7064360417682325,
        "T": 0.8407871364490838,
        "Cn": 0.049502541993512846,
        "D": 0.18884425759395032,
        "H": 1.3822573959421547,
        "SHP": 3.854233631114745,
        "C": 3.0742657321068374,
        "Ct": 7.145344800984497
      },
      "prediction": 0.052121892219325304,
      "pk": {
        "vd_L_per_kg": 5.2207,
        "clearance_L_per_hr_per_kg": 0.4368,
        "half_life_hr": 8.2823,
        "bioavailability": 0.7648,
        "C0_mg_per_L_est": 0.2736
      },
      "pd": {
        "efficacy_score": 0.7163
      },
      "pubchem_cid": null,
      "bioassays": [],
      "pubmed_hits": [],
      "drugbank": {},
      "Cn_mapped": 0.049502541993512846
    },
    {
      "names": [
        "Limonene",
        "Myrcene",
        "Apiole"
      ],
      "smiles": [
        "CC1=CCC(CC1)C(=C)C",
        "C=CC(=C)CCC=C(C)C",
        "C=CCc1cc(OC)c2c(c1OC)OCO2"
      ],
      "aggregated_descriptors": {
        "MolecularWeight": 164.779869984,
        "XLogP": 2.9816333333333347,
        "TPSA": 12.306666666666667,
        "HBondDonorCount": 0.0,
        "HBondAcceptorCount": 1.3333333333333333
      },
      "agent": {
        "At": 0.6771744129334473,
        "Ab": 0.6914991702009958,
        "Ex": 0.6799022658187439,
        "T": 0.8278677938035722,
        "Cn": 0.05701272657002661,
        "D": 0.1697405750837926,
        "H": 1.3825705094553018,
        "SHP": 3.793512887652479,
        "C": 3.087521849379527,
        "Ct": 7.1044454488702655
      },
      "prediction": 0.05212618509297241,
      "pk": {
        "vd_L_per_kg": 3.6848,
        "clearance_L_per_hr_per_kg": 0.4674,
        "half_life_hr": 5.4633,
        "bioavailability": 0.6632,
        "C0_mg_per_L_est": 0.3877
      },
      "pd": {
        "efficacy_score": 0.7171
      },
      "pubchem_cid": null,
      "bioassays": [],
      "pubmed_hits": [],
      "drugbank": {},
      "Cn_mapped": 0.05701272657002661
    },
    {
      "names": [
        "Limonene",
        "Eugenol",
        "Apiole"
      ],
      "smiles": [
        "CC1=CCC(CC1)C(=C)C",
        "C=CCc1ccc(c(c1)OC)O",
        "C=CCc1cc(OC)c2c(c1OC)OCO2"
      ],
      "aggregated_descriptors": {
        "MolecularWeight": 174.099379688,
        "XLogP": 2.533066666666667,
        "TPSA": 22.126666666666665,
        "HBondDonorCount": 0.3333333333333333,
        "HBondAcceptorCount": 2.0
      },
      "agent": {
        "At": 0.6263367870516691,
        "Ab": 0.6849176069486159,
        "Ex": 0.6678122767639172,
        "T": 0.8005001286306355,
        "Cn": 0.06028451332270642,
        "D": 0.16219370321692442,
        "H": 1.3820663174964938,
        "SHP": 3.7397200801271997,
        "C": 3.0958064084172747,
        "Ct": 7.059809838731972
      },
      "prediction": 0.05213122881304229,
      "pk": {
        "vd_L_per_kg": 1.7651,
        "clearance_L_per_hr_per_kg": 0.6256,
        "half_life_hr": 1.9553,
        "bioavailability": 0.6763,
        "C0_mg_per_L_est": 0.8093
      },
      "pd": {
        "efficacy_score": 0.6763
      },
      "pubchem_cid": null,
      "bioassays": [],
      "pubmed_hits": [],
      "drugbank": {},
      "Cn_mapped": 0.06028451332270642
    },
    {
      "names": [
        "Quercetin",
        "Myrcene",
        "Eugenol"
      ],
      "smiles": [
        "Oc1cc(O)c2c(c1)oc(c(c2=O)O)c1ccc(c(c1)O)O",
        "C=CC(=C)CCC=C(C)C",
        "C=CCc1ccc(c(c1)OC)O"
      ],
      "aggregated_descriptors": {
        "MolecularWeight": 200.75052759866665,
        "XLogP": 2.530766666666667,
        "TPSA": 53.606666666666676,
        "HBondDonorCount": 2.0,
        "HBondAcceptorCount": 3.0
      },
      "agent": {
        "At": 0.626067603103652,
        "Ab": 0.3772414429066034,
        "Ex": 0.6354964406952797,
        "T": 0.7782465784491273,
        "Cn": 0.08215615973062759,
        "D": 0.12032850760742675,
        "H": 1.3559203404776472,
        "SHP": 3.624607085209129,
        "C": 3.095411047609784,
        "Ct": 6.9226150621297124
      },
      "prediction": 0.05214908618992545,
      "pk": {
        "vd_L_per_kg": 0.6315,
        "clearance_L_per_hr_per_kg": 1.0438,
        "half_life_hr": 0.4193,
        "bioavailability": 0.3761,
        "C0_mg_per_L_est": 2.2621
      },
      "pd": {
        "efficacy_score": 0.6756
      },
      "pubchem_cid": null,
      "bioassays": [],
      "pubmed_hits": [],
      "drugbank": {},
      "Cn_mapped": 0.08215615973062759
    },
    {
      "names": [
        "Quercetin",
        "Myrcene",
        "Apiole"
      ],
      "smiles": [
        "Oc1cc(O)c2c(c1)oc(c(c2=O)O)c1ccc(c(c1)O)O",
        "C=CC(=C)CCC=C(C)C",
        "C=CCc1cc(OC)c2c(c1OC)OCO2"
      ],
      "aggregated_descriptors": {
        "MolecularWeight": 220.08568736666666,
        "XLogP": 2.5413333333333337,
        "TPSA": 56.09333333333334,
        "HBondDonorCount": 1.6666666666666667,
        "HBondAcceptorCount": 3.6666666666666665
      },
      "agent": {
        "At": 0.6273036420582684,
        "Ab": 0.3876191570001148,
        "Ex": 0.6139427944888707,
        "T": 0.7616907735463974,
        "Cn": 0.09128323589339085,
        "D": 0.10608088473232757,
        "H": 1.3595897892222086,
        "SHP": 3.575912263999175,
        "C": 3.1303729081065925,
        "Ct": 6.942498590808945
      },
      "prediction": 0.05214627720001459,
      "pk": {
        "vd_L_per_kg": 0.5518,
        "clearance_L_per_hr_per_kg": 1.0753,
        "half_life_hr": 0.3556,
        "bioavailability": 0.3852,
        "C0_mg_per_L_est": 2.589
      },
      "pd": {
        "efficacy_score": 0.6767
      },
      "pubchem_cid": null,
      "bioassays": [],
      "pubmed_hits": [],
      "drugbank": {},
      "Cn_mapped": 0.09128323589339085
    },
    {
      "names": [
        "Quercetin",
        "Eugenol",
        "Apiole"
      ],
      "smiles": [
        "Oc1cc(O)c2c(c1)oc(c(c2=O)O)c1ccc(c(c1)O)O",
        "C=CCc1ccc(c(c1)OC)O",
        "C=CCc1cc(OC)c2c(c1OC)OCO2"
      ],
      "aggregated_descriptors": {
        "MolecularWeight": 229.40519707066665,
        "XLogP": 2.0927666666666664,
        "TPSA": 65.91333333333334,
        "HBondDonorCount": 2.0,
        "HBondAcceptorCount": 4.333333333333333
      },
      "agent": {
        "At": 0.5735581554484085,
        "Ab": 0.34037017147092863,
        "Ex": 0.6040677608166372,
        "T": 0.7272677212873072,
        "Cn": 0.0937497496337775,
        "D": 0.10247495533339386,
        "H": 1.352973248461958,
        "SHP": 3.526750395698724,
        "C": 3.1290035185916905,
        "Ct": 6.880622497783935
      },
      "prediction": 0.052155265634598165,
      "pk": {
        "vd_L_per_kg": 0.406,
        "clearance_L_per_hr_per_kg": 1.2818,
        "half_life_hr": 0.2195,
        "bioavailability": 0.3325,
        "C0_mg_per_L_est": 3.5186
      },
      "pd": {
        "efficacy_score": 0.6335
      },
      "pubchem_cid": null,
      "bioassays": [],
      "pubmed_hits": [],
      "drugbank": {},
      "Cn_mapped": 0.0937497496337775
    },
    {
      "names": [
        "Myrcene",
        "Eugenol",
        "Apiole"
      ],
      "smiles": [
        "C=CC(=C)CCC=C(C)C",
        "C=CCc1ccc(c(c1)OC)O",
        "C=CCc1cc(OC)c2c(c1OC)OCO2"
      ],
      "aggregated_descriptors": {
        "MolecularWeight": 174.099379688,
        "XLogP": 2.588433333333334,
        "TPSA": 22.126666666666665,
        "HBondDonorCount": 0.3333333333333333,
        "HBondAcceptorCount": 2.0
      },
      "agent": {
        "At": 0.6327927755266757,
        "Ab": 0.6849176069486159,
        "Ex": 0.6678122767639172,
        "T": 0.8031395055714466,
        "Cn": 0.06072668947774296,
        "D": 0.16120531221046028,
        "H": 1.3821785445673633,
        "SHP": 3.7411803583836334,
        "C": 3.09649790073609,
        "Ct": 7.063116316324506
      },
      "prediction": 0.052130842328362195,
      "pk": {
        "vd_L_per_kg": 1.7867,
        "clearance_L_per_hr_per_kg": 0.621,
        "half_life_hr": 1.9937,
        "bioavailability": 0.6763,
        "C0_mg_per_L_est": 0.7996
      },
      "pd": {
        "efficacy_score": 0.6814
      },
      "pubchem_cid": null,
      "bioassays": [],
      "pubmed_hits": [],
      "drugbank": {},
      "Cn_mapped": 0.06072668947774296
    },
    {
      "names": [
        "Limonene",
        "Quercetin",
        "Myrcene",
        "Eugenol"
      ],
      "smiles": [
        "CC1=CCC(CC1)C(=C)C",
        "Oc1cc(O)c2c(c1)oc(c(c2=O)O)c1ccc(c(c1)O)O",
        "C=CC(=C)CCC=C(C)C",
        "C=CCc1ccc(c(c1)OC)O"
      ],
      "aggregated_descriptors": {
        "MolecularWeight": 184.59419582699996,
        "XLogP": 2.725300000000001,
        "TPSA": 40.205000000000005,
        "HBondDonorCount": 1.5,
        "HBondAcceptorCount": 2.25
      },
      "agent": {
        "At": 0.6485450656552112,
        "Ab": 0.46059424333961524,
        "Ex": 0.6547022072668809,
        "T": 0.8013286197941365,
        "Cn": 0.07240944771199757,
        "D": 0.13740815962319894,
        "H": 1.3680014034093446,
        "SHP": 3.689066994632183,
        "C": 3.094996373369611,
        "Ct": 6.997997648199501
      },
      "prediction": 0.052138833518234194,
      "pk": {
        "vd_L_per_kg": 0.955,
        "clearance_L_per_hr_per_kg": 0.844,
        "half_life_hr": 0.7841,
        "bioavailability": 0.4631,
        "C0_mg_per_L_est": 1.4958
      },
      "pd": {
        "efficacy_score": 0.6938
      },
      "pubchem_cid": null,
      "bioassays": [],
      "pubmed_hits": [],
      "drugbank": {},
      "Cn_mapped": 0.07240944771199757
    },
    {
      "names": [
        "Limonene",
        "Quercetin",
        "Myrcene",
        "Apiole"
      ],
      "smiles": [
        "CC1=CCC(CC1)C(=C)C",
        "Oc1cc(O)c2c(c1)oc(c(c2=O)O)c1ccc(c(c1)O)O",
        "C=CC(=C)CCC=C(C)C",
        "C=CCc1cc(OC)c2c(c1OC)OCO2"
      ],
      "aggregated_descriptors": {
        "MolecularWeight": 199.095565653,
        "XLogP": 2.733225000000001,
        "TPSA": 42.07000000000001,
        "HBondDonorCount": 1.25,
        "HBondAcceptorCount": 2.75
      },
      "agent": {
        "At": 0.6494477230763522,
        "Ab": 0.4702655040658371,
        "Ex": 0.6374118129760711,
        "T": 0.7899277010999328,
        "Cn": 0.07893336320029433,
        "D": 0.12574079257617482,
        "H": 1.3701246083316794,
        "SHP": 3.650460434567841,
        "C": 3.1177972545339476,
        "Ct": 7.003511453014116
      },
      "prediction": 0.052138125842973074,
      "pk": {
        "vd_L_per_kg": 0.8476,
        "clearance_L_per_hr_per_kg": 0.8673,
        "half_life_hr": 0.6773,
        "bioavailability": 0.4727,
        "C0_mg_per_L_est": 1.6853
      },
      "pd": {
        "efficacy_score": 0.6946
      },
      "pubchem_cid": null,
      "bioassays": [],
      "pubmed_hits": [],
      "drugbank": {},
      "Cn_mapped": 0.07893336320029433
    },
    {
      "names": [
        "Limonene",
        "Quercetin",
        "Eugenol",
        "Apiole"
      ],
      "smiles": [
        "CC1=CCC(CC1)C(=C)C",
        "Oc1cc(O)c2c(c1)oc(c(c2=O)O)c1ccc(c(c1)O)O",
        "C=CCc1ccc(c(c1)OC)O",
        "C=CCc1cc(OC)c2c(c1OC)OCO2"
      ],
      "aggregated_descriptors": {
        "MolecularWeight": 206.08519793099998,
        "XLogP": 2.3968000000000003,
        "TPSA": 49.435,
        "HBondDonorCount": 1.5,
        "HBondAcceptorCount": 3.25
      },
      "agent": {
        "At": 0.6102587523406237,
        "Ab": 0.4217466638081614,
        "Ex": 0.6293999576004333,
        "T": 0.7664930894444172,
        "Cn": 0.081143256226528,
        "D": 0.12200633052710728,
        "H": 1.3651115662247035,
        "SHP": 3.6129145608791955,
        "C": 3.117803110454293,
        "Ct": 6.958748911697046
      },
      "prediction": 0.05214403721928421,
      "pk": {
        "vd_L_per_kg": 0.6474,
        "clearance_L_per_hr_per_kg": 1.0063,
        "half_life_hr": 0.4458,
        "bioavailability": 0.4223,
        "C0_mg_per_L_est": 2.2068
      },
      "pd": {
        "efficacy_score": 0.6631
      },
      "pubchem_cid": null,
      "bioassays": [],
      "pubmed_hits": [],
      "drugbank": {},
      "Cn_mapped": 0.081143256226528
    },
    {
      "names": [
        "Limonene",
        "Myrcene",
        "Eugenol",
        "Apiole"
      ],
      "smiles": [
        "CC1=CCC(CC1)C(=C)C",
        "C=CC(=C)CCC=C(C)C",
        "C=CCc1ccc(c(c1)OC)O",
        "C=CCc1cc(OC)c2c(c1OC)OCO2"
      ],
      "aggregated_descriptors": {
        "MolecularWeight": 164.605834894,
        "XLogP": 2.768550000000001,
        "TPSA": 16.595,
        "HBondDonorCount": 0.25,
        "HBondAcceptorCount": 1.5
      },
      "agent": {
        "At": 0.6534581724932563,
        "Ab": 0.7460389991886826,
        "Ex": 0.680132202683038,
        "T": 0.8186957291619313,
        "Cn": 0.0568968979770027,
        "D": 0.17001562569928952,
        "H": 1.382436599412544,
        "SHP": 3.781388932938352,
        "C": 3.0861592662282766,
        "Ct": 7.086998325478823
      },
      "prediction": 0.052128111957936984,
      "pk": {
        "vd_L_per_kg": 2.6185,
        "clearance_L_per_hr_per_kg": 0.5354,
        "half_life_hr": 3.3891,
        "bioavailability": 0.7261,
        "C0_mg_per_L_est": 0.5456
      },
      "pd": {
        "efficacy_score": 0.698
      },
      "pubchem_cid": null,
      "bioassays": [],
      "pubmed_hits": [],
      "drugbank": {},
      "Cn_mapped": 0.0568968979770027
    },
    {
      "names": [
        "Quercetin",
        "Myrcene",
        "Eugenol",
        "Apiole"
      ],
      "smiles": [
        "Oc1cc(O)c2c(c1)oc(c(c2=O)O)c1ccc(c(c1)O)O",
        "C=CC(=C)CCC=C(C)C",
        "C=CCc1ccc(c(c1)OC)O",
        "C=CCc1cc(OC)c2c(c1OC)OCO2"
      ],
      "aggregated_descriptors": {
        "MolecularWeight": 206.08519793099998,
        "XLogP": 2.4383250000000003,
        "TPSA": 49.435,
        "HBondDonorCount": 1.5,
        "HBondAcceptorCount": 3.25
      },
      "agent": {
        "At": 0.6151855122275763,
        "Ab": 0.4217466638081614,
        "Ex": 0.6293999576004333,
        "T": 0.7687153443847284,
        "Cn": 0.08159809698737142,
        "D": 0.12125033418159253,
        "H": 1.364944742077972,
        "SHP": 3.614250307445349,
        "C": 3.1179278960689896,
        "Ct": 6.9606204469457555
      },
      "prediction": 0.05214378245941777,
      "pk": {
        "vd_L_per_kg": 0.6535,
        "clearance_L_per_hr_per_kg": 1.0007,
        "half_life_hr": 0.4525,
        "bioavailability": 0.4223,
        "C0_mg_per_L_est": 2.1861
      },
      "pd": {
        "efficacy_score": 0.667
      },
      "pubchem_cid": null,
      "bioassays": [],
      "pubmed_hits": [],
      "drugbank": {},
      "Cn_mapped": 0.08159809698737142
    },
    {
      "names": [
        "Limonene",
        "Quercetin",
        "Myrcene",
        "Eugenol",
        "Apiole"
      ],
      "smiles": [
        "CC1=CCC(CC1)C(=C)C",
        "Oc1cc(O)c2c(c1)oc(c(c2=O)O)c1ccc(c(c1)O)O",
        "C=CC(=C)CCC=C(C)C",
        "C=CCc1ccc(c(c1)OC)O",
        "C=CCc1cc(OC)c2c(c1OC)OCO2"
      ],
      "aggregated_descriptors": {
        "MolecularWeight": 192.0931984472,
        "XLogP": 2.6124400000000008,
        "TPSA": 39.548,
        "HBondDonorCount": 1.2,
        "HBondAcceptorCount": 2.6
      },
      "agent": {
        "At": 0.6355774709088848,
        "Ab": 0.4860679950796957,
        "Ex": 0.6456454369886179,
        "T": 0.7897245719015673,
        "Cn": 0.07399105022498799,
        "D": 0.13448583269605593,
        "H": 1.3720074833596878,
        "SHP": 3.6678142786631276,
        "C": 3.110466466738572,
        "Ct": 7.007691091630305
      },
      "prediction": 0.05213759323325382,
      "pk": {
        "vd_L_per_kg": 0.9107,
        "clearance_L_per_hr_per_kg": 0.8479,
        "half_life_hr": 0.7443,
        "bioavailability": 0.4887,
        "C0_mg_per_L_est": 1.5686
      },
      "pd": {
        "efficacy_score": 0.6835
      },
      "pubchem_cid": null,
      "bioassays": [],
      "pubmed_hits": [],
      "drugbank": {},
      "Cn_mapped": 0.07399105022498799
    }
  ]
}