{
  "names": [
    "Limonene",
    "Eugenol"
  ],
  "smiles": [
    "CC1=CCC(CC1)C(=C)C",
    "C=CCc1ccc(c(c1)OC)O"
  ],
  "aggregated_descriptors": {
    "MolecularWeight": 150.104465068,
    "XLogP": 2.719100000000001,
    "TPSA": 14.73,
    "HBondDonorCount": 0.5,
    "HBondAcceptorCount": 1.0
  },
  "agent": {
    "At": 0.6478381441645142,
    "Ab": 0.7299003685996861,
    "Ex": 0.6998537794546784,
    "T": 0.8270993508468091,
    "Cn": 0.05098981387691318,
    "D": 0.1848406992427395,
    "H": 1.382305058557963,
    "SHP": 3.8257953449265845,
    "C": 3.0780641296195212,
    "Ct": 7.120691117746671
  },
  "prediction": 0.05212444233727063,
  "pk": {
    "vd_L_per_kg": 3.2015,
    "clearance_L_per_hr_per_kg": 0.5147,
    "half_life_hr": 4.3106,
    "bioavailability": 0.7061,
    "C0_mg_per_L_est": 0.4462
  },
  "pd": {
    "efficacy_score": 0.6936
  },
  "pubchem_cid": null,
  "bioassays": [],
  "pubmed_hits": [],
  "drugbank": {},
  "Cn_mapped": 0.05098981387691318
}