{
  "names": [
    "Limonene",
    "Quercetin",
    "Myrcene"
  ],
  "smiles": [
    "CC1=CCC(CC1)C(=C)C",
    "Oc1cc(O)c2c(c1)oc(c(c2=O)O)c1ccc(c(c1)O)O",
    "C=CC(=C)CCC=C(C)C"
  ],
  "aggregated_descriptors": {
    "MolecularWeight": 191.43101789466664,
    "XLogP": 2.923966666666668,
    "TPSA": 43.78666666666667,
    "HBondDonorCount": 1.6666666666666667,
    "HBondAcceptorCount": 2.3333333333333335
  },
  "agent": {
    "At": 0.6708392557707341,
    "Ab": 0.4335817060637204,
    "Ex": 0.6464350737808878,
    "T": 0.8053438892192895,
    "Cn": 0.07846242869201307,
    "D": 0.12655012288545894,
    "H": 1.3635759884440715,
    "SHP": 3.6723124629737987,
    "C": 3.097696914353374,
    "Ct": 6.984251828999349
  },
  "prediction": 0.05214062278287327,
  "pk": {
    "vd_L_per_kg": 0.8812,
    "clearance_L_per_hr_per_kg": 0.8681,
    "half_life_hr": 0.7034,
    "bioavailability": 0.4357,
    "C0_mg_per_L_est": 1.6212
  },
  "pd": {
    "efficacy_score": 0.7116
  },
  "pubchem_cid": null,
  "bioassays": [],
  "pubmed_hits": [],
  "drugbank": {},
  "Cn_mapped": 0.07846242869201307
}