{
  "names": [
    "Eugenol",
    "Apiole"
  ],
  "smiles": [
    "C=CCc1ccc(c(c1)OC)O",
    "C=CCc1cc(OC)c2c(c1OC)OCO2"
  ],
  "aggregated_descriptors": {
    "MolecularWeight": 193.086469276,
    "XLogP": 2.14515,
    "TPSA": 33.19,
    "HBondDonorCount": 0.5,
    "HBondAcceptorCount": 3.0
  },
  "agent": {
    "At": 0.5799516708778294,
    "Ab": 0.5853144601937391,
    "Ex": 0.6444645922896816,
    "T": 0.7646082841864849,
    "Cn": 0.06747748399956871,
    "D": 0.1469488518158227,
    "H": 1.3798061249228943,
    "SHP": 3.6605577142999755,
    "C": 3.1160180215541144,
    "Ct": 7.011549474382852
  },
  "prediction": 0.05213710449241756,
  "pk": {
    "vd_L_per_kg": 0.9702,
    "clearance_L_per_hr_per_kg": 0.8144,
    "half_life_hr": 0.8256,
    "bioavailability": 0.5871,
    "C0_mg_per_L_est": 1.4724
  },
  "pd": {
    "efficacy_score": 0.639
  },
  "pubchem_cid": null,
  "bioassays": [],
  "pubmed_hits": [],
  "drugbank": {},
  "Cn_mapped": 0.06747748399956871
}