{
  "names": [
    "Limonene"
  ],
  "smiles": [
    "CC1=CCC(CC1)C(=C)C"
  ],
  "aggregated_descriptors": {
    "MolecularWeight": 136.125200512,
    "XLogP": 3.308900000000002,
    "TPSA": 0.0,
    "HBondDonorCount": 0.0,
    "HBondAcceptorCount": 0.0
  },
  "agent": {
    "At": 0.7118631198494281,
    "Ab": 0.45454545454545453,
    "Ex": 0.7199791321893427,
    "T": 0.8596087284321128,
    "Cn": 0.06040860439289912,
    "D": 0.1619155940603879,
    "H": 1.362259237766208,
    "SHP": 3.8212171662082826,
    "C": 3.0429405452026126,
    "Ct": 7.034108730930096
  },
  "prediction": 0.052134303207060986,
  "pk": {
    "vd_L_per_kg": 1.17,
    "clearance_L_per_hr_per_kg": 0.9026,
    "half_life_hr": 0.8983,
    "bioavailability": 0.4549,
    "C0_mg_per_L_est": 1.221
  },
  "pd": {
    "efficacy_score": 0.7446
  },
  "pubchem_cid": null,
  "bioassays": [],
  "pubmed_hits": [],
  "drugbank": {},
  "Cn_mapped": 0.06040860439289912
}