{
  "names": [
    "Myrcene",
    "Apiole"
  ],
  "smiles": [
    "C=CC(=C)CCC=C(C)C",
    "C=CCc1cc(OC)c2c(c1OC)OCO2"
  ],
  "aggregated_descriptors": {
    "MolecularWeight": 179.10720472,
    "XLogP": 2.818000000000001,
    "TPSA": 18.46,
    "HBondDonorCount": 0.0,
    "HBondAcceptorCount": 2.0
  },
  "agent": {
    "At": 0.6590357165601052,
    "Ab": 0.637267397399949,
    "Ex": 0.6614916540121915,
    "T": 0.8099774989378401,
    "Cn": 0.06298773330679783,
    "D": 0.1562611339514765,
    "H": 1.3815128861420187,
    "SHP": 3.739939146218658,
    "C": 3.0999852783059354,
    "Ct": 7.069599269412045
  },
  "prediction": 0.05213009053155333,
  "pk": {
    "vd_L_per_kg": 2.1858,
    "clearance_L_per_hr_per_kg": 0.5559,
    "half_life_hr": 2.7249,
    "bioavailability": 0.6236,
    "C0_mg_per_L_est": 0.6536
  },
  "pd": {
    "efficacy_score": 0.7024
  },
  "pubchem_cid": null,
  "bioassays": [],
  "pubmed_hits": [],
  "drugbank": {},
  "Cn_mapped": 0.06298773330679783
}