{
  "names": [
    "Limonene",
    "Quercetin",
    "Apiole"
  ],
  "smiles": [
    "CC1=CCC(CC1)C(=C)C",
    "Oc1cc(O)c2c(c1)oc(c(c2=O)O)c1ccc(c(c1)O)O",
    "C=CCc1cc(OC)c2c(c1OC)OCO2"
  ],
  "aggregated_descriptors": {
    "MolecularWeight": 220.08568736666666,
    "XLogP": 2.485966666666667,
    "TPSA": 56.09333333333334,
    "HBondDonorCount": 1.6666666666666667,
    "HBondAcceptorCount": 3.6666666666666665
  },
  "agent": {
    "At": 0.6208089771818743,
    "Ab": 0.3876191570001148,
    "Ex": 0.6139427944888707,
    "T": 0.7586626679805597,
    "Cn": 0.09061395923223933,
    "D": 0.10707614977226969,
    "H": 1.3599148705559885,
    "SHP": 3.574038375786109,
    "C": 3.130328349377465,
    "Ct": 6.940156067899335
  },
  "prediction": 0.05214660423138416,
  "pk": {
    "vd_L_per_kg": 0.5451,
    "clearance_L_per_hr_per_kg": 1.0833,
    "half_life_hr": 0.3487,
    "bioavailability": 0.3852,
    "C0_mg_per_L_est": 2.6209
  },
  "pd": {
    "efficacy_score": 0.6715
  },
  "pubchem_cid": null,
  "bioassays": [],
  "pubmed_hits": [],
  "drugbank": {},
  "Cn_mapped": 0.09061395923223933
}