{
  "names": [
    "Myrcene",
    "Eugenol",
    "Apiole"
  ],
  "smiles": [
    "C=CC(=C)CCC=C(C)C",
    "C=CCc1ccc(c(c1)OC)O",
    "C=CCc1cc(OC)c2c(c1OC)OCO2"
  ],
  "aggregated_descriptors": {
    "MolecularWeight": 174.099379688,
    "XLogP": 2.588433333333334,
    "TPSA": 22.126666666666665,
    "HBondDonorCount": 0.3333333333333333,
    "HBondAcceptorCount": 2.0
  },
  "agent": {
    "At": 0.6327927755266757,
    "Ab": 0.6849176069486159,
    "Ex": 0.6678122767639172,
    "T": 0.8031395055714466,
    "Cn": 0.06072668947774296,
    "D": 0.16120531221046028,
    "H": 1.3821785445673633,
    "SHP": 3.7411803583836334,
    "C": 3.09649790073609,
    "Ct": 7.063116316324506
  },
  "prediction": 0.052130842328362195,
  "pk": {
    "vd_L_per_kg": 1.7867,
    "clearance_L_per_hr_per_kg": 0.621,
    "half_life_hr": 1.9937,
    "bioavailability": 0.6763,
    "C0_mg_per_L_est": 0.7996
  },
  "pd": {
    "efficacy_score": 0.6814
  },
  "pubchem_cid": null,
  "bioassays": [],
  "pubmed_hits": [],
  "drugbank": {},
  "Cn_mapped": 0.06072668947774296
}