{
  "names": [
    "Eugenol"
  ],
  "smiles": [
    "C=CCc1ccc(c(c1)OC)O"
  ],
  "aggregated_descriptors": {
    "MolecularWeight": 164.083729624,
    "XLogP": 2.1293,
    "TPSA": 29.46,
    "HBondDonorCount": 1.0,
    "HBondAcceptorCount": 2.0
  },
  "agent": {
    "At": 0.5780198657011036,
    "Ab": 0.558909009613235,
    "Ex": 0.6808229473747194,
    "T": 0.7889106142988536,
    "Cn": 0.05607062194465563,
    "D": 0.17199412734939576,
    "H": 1.3765339158728183,
    "SHP": 3.7450919905479303,
    "C": 3.081167860486169,
    "Ct": 7.032758512922218
  },
  "prediction": 0.05213446816626407,
  "pk": {
    "vd_L_per_kg": 1.2814,
    "clearance_L_per_hr_per_kg": 0.7639,
    "half_life_hr": 1.1624,
    "bioavailability": 0.5586,
    "C0_mg_per_L_est": 1.1149
  },
  "pd": {
    "efficacy_score": 0.6375
  },
  "pubchem_cid": null,
  "bioassays": [],
  "pubmed_hits": [],
  "drugbank": {},
  "Cn_mapped": 0.05607062194465563
}