{
  "names": [
    "Limonene",
    "Myrcene",
    "Apiole"
  ],
  "smiles": [
    "CC1=CCC(CC1)C(=C)C",
    "C=CC(=C)CCC=C(C)C",
    "C=CCc1cc(OC)c2c(c1OC)OCO2"
  ],
  "aggregated_descriptors": {
    "MolecularWeight": 164.779869984,
    "XLogP": 2.9816333333333347,
    "TPSA": 12.306666666666667,
    "HBondDonorCount": 0.0,
    "HBondAcceptorCount": 1.3333333333333333
  },
  "agent": {
    "At": 0.6771744129334473,
    "Ab": 0.6914991702009958,
    "Ex": 0.6799022658187439,
    "T": 0.8278677938035722,
    "Cn": 0.05701272657002661,
    "D": 0.1697405750837926,
    "H": 1.3825705094553018,
    "SHP": 3.793512887652479,
    "C": 3.087521849379527,
    "Ct": 7.1044454488702655
  },
  "prediction": 0.05212618509297241,
  "pk": {
    "vd_L_per_kg": 3.6848,
    "clearance_L_per_hr_per_kg": 0.4674,
    "half_life_hr": 5.4633,
    "bioavailability": 0.6632,
    "C0_mg_per_L_est": 0.3877
  },
  "pd": {
    "efficacy_score": 0.7171
  },
  "pubchem_cid": null,
  "bioassays": [],
  "pubmed_hits": [],
  "drugbank": {},
  "Cn_mapped": 0.05701272657002661
}