{
  "names": [
    "Myrcene"
  ],
  "smiles": [
    "C=CC(=C)CCC=C(C)C"
  ],
  "aggregated_descriptors": {
    "MolecularWeight": 136.125200512,
    "XLogP": 3.4750000000000023,
    "TPSA": 0.0,
    "HBondDonorCount": 0.0,
    "HBondAcceptorCount": 0.0
  },
  "agent": {
    "At": 0.728593842827928,
    "Ab": 0.45454545454545453,
    "Ex": 0.7199791321893427,
    "T": 0.8655152282125079,
    "Cn": 0.06161375054818569,
    "D": 0.15924399335346695,
    "H": 1.36171261322762,
    "SHP": 3.823841906610125,
    "C": 3.0425797602575533,
    "Ct": 7.036329372958727
  },
  "prediction": 0.052134032654387756,
  "pk": {
    "vd_L_per_kg": 1.2066,
    "clearance_L_per_hr_per_kg": 0.885,
    "half_life_hr": 0.9449,
    "bioavailability": 0.4549,
    "C0_mg_per_L_est": 1.184
  },
  "pd": {
    "efficacy_score": 0.758
  },
  "pubchem_cid": null,
  "bioassays": [],
  "pubmed_hits": [],
  "drugbank": {},
  "Cn_mapped": 0.06161375054818569
}