{
  "names": [
    "Quercetin",
    "Myrcene",
    "Eugenol",
    "Apiole"
  ],
  "smiles": [
    "Oc1cc(O)c2c(c1)oc(c(c2=O)O)c1ccc(c(c1)O)O",
    "C=CC(=C)CCC=C(C)C",
    "C=CCc1ccc(c(c1)OC)O",
    "C=CCc1cc(OC)c2c(c1OC)OCO2"
  ],
  "aggregated_descriptors": {
    "MolecularWeight": 206.08519793099998,
    "XLogP": 2.4383250000000003,
    "TPSA": 49.435,
    "HBondDonorCount": 1.5,
    "HBondAcceptorCount": 3.25
  },
  "agent": {
    "At": 0.6151855122275763,
    "Ab": 0.4217466638081614,
    "Ex": 0.6293999576004333,
    "T": 0.7687153443847284,
    "Cn": 0.08159809698737142,
    "D": 0.12125033418159253,
    "H": 1.364944742077972,
    "SHP": 3.614250307445349,
    "C": 3.1179278960689896,
    "Ct": 6.9606204469457555
  },
  "prediction": 0.05214378245941777,
  "pk": {
    "vd_L_per_kg": 0.6535,
    "clearance_L_per_hr_per_kg": 1.0007,
    "half_life_hr": 0.4525,
    "bioavailability": 0.4223,
    "C0_mg_per_L_est": 2.1861
  },
  "pd": {
    "efficacy_score": 0.667
  },
  "pubchem_cid": null,
  "bioassays": [],
  "pubmed_hits": [],
  "drugbank": {},
  "Cn_mapped": 0.08159809698737142
}