{
  "names": [
    "Limonene",
    "Quercetin",
    "Myrcene",
    "Eugenol",
    "Apiole"
  ],
  "smiles": [
    "CC1=CCC(CC1)C(=C)C",
    "Oc1cc(O)c2c(c1)oc(c(c2=O)O)c1ccc(c(c1)O)O",
    "C=CC(=C)CCC=C(C)C",
    "C=CCc1ccc(c(c1)OC)O",
    "C=CCc1cc(OC)c2c(c1OC)OCO2"
  ],
  "aggregated_descriptors": {
    "MolecularWeight": 192.0931984472,
    "XLogP": 2.6124400000000008,
    "TPSA": 39.548,
    "HBondDonorCount": 1.2,
    "HBondAcceptorCount": 2.6
  },
  "agent": {
    "At": 0.6355774709088848,
    "Ab": 0.4860679950796957,
    "Ex": 0.6456454369886179,
    "T": 0.7897245719015673,
    "Cn": 0.07399105022498799,
    "D": 0.13448583269605593,
    "H": 1.3720074833596878,
    "SHP": 3.6678142786631276,
    "C": 3.110466466738572,
    "Ct": 7.007691091630305
  },
  "prediction": 0.05213759323325382,
  "pk": {
    "vd_L_per_kg": 0.9107,
    "clearance_L_per_hr_per_kg": 0.8479,
    "half_life_hr": 0.7443,
    "bioavailability": 0.4887,
    "C0_mg_per_L_est": 1.5686
  },
  "pd": {
    "efficacy_score": 0.6835
  },
  "pubchem_cid": null,
  "bioassays": [],
  "pubmed_hits": [],
  "drugbank": {},
  "Cn_mapped": 0.07399105022498799
}