{
  "names": [
    "Quercetin",
    "Eugenol"
  ],
  "smiles": [
    "Oc1cc(O)c2c(c1)oc(c(c2=O)O)c1ccc(c(c1)O)O",
    "C=CCc1ccc(c(c1)OC)O"
  ],
  "aggregated_descriptors": {
    "MolecularWeight": 233.063191142,
    "XLogP": 2.05865,
    "TPSA": 80.41000000000001,
    "HBondDonorCount": 3.0,
    "HBondAcceptorCount": 4.5
  },
  "agent": {
    "At": 0.5693807309338118,
    "Ab": 0.2670749946585001,
    "Ex": 0.6002779892767413,
    "T": 0.7215732811890104,
    "Cn": 0.10114087294197918,
    "D": 0.0922117042009994,
    "H": 1.3323126032649166,
    "SHP": 3.5007926556837035,
    "C": 3.0957667605040045,
    "Ct": 6.776798105050826
  },
  "prediction": 0.05217198875175736,
  "pk": {
    "vd_L_per_kg": 0.3249,
    "clearance_L_per_hr_per_kg": 1.4933,
    "half_life_hr": 0.1508,
    "bioavailability": 0.2517,
    "C0_mg_per_L_est": 4.3976
  },
  "pd": {
    "efficacy_score": 0.6298
  },
  "pubchem_cid": null,
  "bioassays": [],
  "pubmed_hits": [],
  "drugbank": {},
  "Cn_mapped": 0.10114087294197918
}