{
  "names": [
    "Apiole"
  ],
  "smiles": [
    "C=CCc1cc(OC)c2c(c1OC)OCO2"
  ],
  "aggregated_descriptors": {
    "MolecularWeight": 222.089208928,
    "XLogP": 2.1609999999999996,
    "TPSA": 36.92,
    "HBondDonorCount": 0.0,
    "HBondAcceptorCount": 4.0
  },
  "agent": {
    "At": 0.5818810295683254,
    "Ab": 0.5158893933140734,
    "Ex": 0.6117926969044597,
    "T": 0.7384357131228196,
    "Cn": 0.07934730942236766,
    "D": 0.12503337778332638,
    "H": 1.3777267207528407,
    "SHP": 3.583650093424495,
    "C": 3.14742008088513,
    "Ct": 6.989621060845484
  },
  "prediction": 0.05213991962547516,
  "pk": {
    "vd_L_per_kg": 0.7612,
    "clearance_L_per_hr_per_kg": 0.8647,
    "half_life_hr": 0.6101,
    "bioavailability": 0.5185,
    "C0_mg_per_L_est": 1.8767
  },
  "pd": {
    "efficacy_score": 0.6405
  },
  "pubchem_cid": null,
  "bioassays": [],
  "pubmed_hits": [],
  "drugbank": {},
  "Cn_mapped": 0.07934730942236766
}