{
  "names": [
    "Limonene",
    "Eugenol",
    "Apiole"
  ],
  "smiles": [
    "CC1=CCC(CC1)C(=C)C",
    "C=CCc1ccc(c(c1)OC)O",
    "C=CCc1cc(OC)c2c(c1OC)OCO2"
  ],
  "aggregated_descriptors": {
    "MolecularWeight": 174.099379688,
    "XLogP": 2.533066666666667,
    "TPSA": 22.126666666666665,
    "HBondDonorCount": 0.3333333333333333,
    "HBondAcceptorCount": 2.0
  },
  "agent": {
    "At": 0.6263367870516691,
    "Ab": 0.6849176069486159,
    "Ex": 0.6678122767639172,
    "T": 0.8005001286306355,
    "Cn": 0.06028451332270642,
    "D": 0.16219370321692442,
    "H": 1.3820663174964938,
    "SHP": 3.7397200801271997,
    "C": 3.0958064084172747,
    "Ct": 7.059809838731972
  },
  "prediction": 0.05213122881304229,
  "pk": {
    "vd_L_per_kg": 1.7651,
    "clearance_L_per_hr_per_kg": 0.6256,
    "half_life_hr": 1.9553,
    "bioavailability": 0.6763,
    "C0_mg_per_L_est": 0.8093
  },
  "pd": {
    "efficacy_score": 0.6763
  },
  "pubchem_cid": null,
  "bioassays": [],
  "pubmed_hits": [],
  "drugbank": {},
  "Cn_mapped": 0.06028451332270642
}