{
  "names": [
    "Limonene",
    "Quercetin",
    "Eugenol",
    "Apiole"
  ],
  "smiles": [
    "CC1=CCC(CC1)C(=C)C",
    "Oc1cc(O)c2c(c1)oc(c(c2=O)O)c1ccc(c(c1)O)O",
    "C=CCc1ccc(c(c1)OC)O",
    "C=CCc1cc(OC)c2c(c1OC)OCO2"
  ],
  "aggregated_descriptors": {
    "MolecularWeight": 206.08519793099998,
    "XLogP": 2.3968000000000003,
    "TPSA": 49.435,
    "HBondDonorCount": 1.5,
    "HBondAcceptorCount": 3.25
  },
  "agent": {
    "At": 0.6102587523406237,
    "Ab": 0.4217466638081614,
    "Ex": 0.6293999576004333,
    "T": 0.7664930894444172,
    "Cn": 0.081143256226528,
    "D": 0.12200633052710728,
    "H": 1.3651115662247035,
    "SHP": 3.6129145608791955,
    "C": 3.117803110454293,
    "Ct": 6.958748911697046
  },
  "prediction": 0.05214403721928421,
  "pk": {
    "vd_L_per_kg": 0.6474,
    "clearance_L_per_hr_per_kg": 1.0063,
    "half_life_hr": 0.4458,
    "bioavailability": 0.4223,
    "C0_mg_per_L_est": 2.2068
  },
  "pd": {
    "efficacy_score": 0.6631
  },
  "pubchem_cid": null,
  "bioassays": [],
  "pubmed_hits": [],
  "drugbank": {},
  "Cn_mapped": 0.081143256226528
}