{
  "names": [
    "Limonene",
    "Quercetin",
    "Eugenol"
  ],
  "smiles": [
    "CC1=CCC(CC1)C(=C)C",
    "Oc1cc(O)c2c(c1)oc(c(c2=O)O)c1ccc(c(c1)O)O",
    "C=CCc1ccc(c(c1)OC)O"
  ],
  "aggregated_descriptors": {
    "MolecularWeight": 200.75052759866665,
    "XLogP": 2.4754000000000005,
    "TPSA": 53.606666666666676,
    "HBondDonorCount": 2.0,
    "HBondAcceptorCount": 3.0
  },
  "agent": {
    "At": 0.6195644616421314,
    "Ab": 0.3772414429066034,
    "Ex": 0.6354964406952797,
    "T": 0.7753668007004001,
    "Cn": 0.08155304681909326,
    "D": 0.12132502434620897,
    "H": 1.3561916490665034,
    "SHP": 3.6228847703528397,
    "C": 3.095383307681944,
    "Ct": 6.920513830785184
  },
  "prediction": 0.05214938742414863,
  "pk": {
    "vd_L_per_kg": 0.6238,
    "clearance_L_per_hr_per_kg": 1.0515,
    "half_life_hr": 0.4111,
    "bioavailability": 0.3761,
    "C0_mg_per_L_est": 2.2901
  },
  "pd": {
    "efficacy_score": 0.6704
  },
  "pubchem_cid": null,
  "bioassays": [],
  "pubmed_hits": [],
  "drugbank": {},
  "Cn_mapped": 0.08155304681909326
}