{
  "names": [
    "Quercetin",
    "Myrcene",
    "Apiole"
  ],
  "smiles": [
    "Oc1cc(O)c2c(c1)oc(c(c2=O)O)c1ccc(c(c1)O)O",
    "C=CC(=C)CCC=C(C)C",
    "C=CCc1cc(OC)c2c(c1OC)OCO2"
  ],
  "aggregated_descriptors": {
    "MolecularWeight": 220.08568736666666,
    "XLogP": 2.5413333333333337,
    "TPSA": 56.09333333333334,
    "HBondDonorCount": 1.6666666666666667,
    "HBondAcceptorCount": 3.6666666666666665
  },
  "agent": {
    "At": 0.6273036420582684,
    "Ab": 0.3876191570001148,
    "Ex": 0.6139427944888707,
    "T": 0.7616907735463974,
    "Cn": 0.09128323589339085,
    "D": 0.10608088473232757,
    "H": 1.3595897892222086,
    "SHP": 3.575912263999175,
    "C": 3.1303729081065925,
    "Ct": 6.942498590808945
  },
  "prediction": 0.05214627720001459,
  "pk": {
    "vd_L_per_kg": 0.5518,
    "clearance_L_per_hr_per_kg": 1.0753,
    "half_life_hr": 0.3556,
    "bioavailability": 0.3852,
    "C0_mg_per_L_est": 2.589
  },
  "pd": {
    "efficacy_score": 0.6767
  },
  "pubchem_cid": null,
  "bioassays": [],
  "pubmed_hits": [],
  "drugbank": {},
  "Cn_mapped": 0.09128323589339085
}