{
  "names": [
    "Limonene",
    "Myrcene",
    "Eugenol",
    "Apiole"
  ],
  "smiles": [
    "CC1=CCC(CC1)C(=C)C",
    "C=CC(=C)CCC=C(C)C",
    "C=CCc1ccc(c(c1)OC)O",
    "C=CCc1cc(OC)c2c(c1OC)OCO2"
  ],
  "aggregated_descriptors": {
    "MolecularWeight": 164.605834894,
    "XLogP": 2.768550000000001,
    "TPSA": 16.595,
    "HBondDonorCount": 0.25,
    "HBondAcceptorCount": 1.5
  },
  "agent": {
    "At": 0.6534581724932563,
    "Ab": 0.7460389991886826,
    "Ex": 0.680132202683038,
    "T": 0.8186957291619313,
    "Cn": 0.0568968979770027,
    "D": 0.17001562569928952,
    "H": 1.382436599412544,
    "SHP": 3.781388932938352,
    "C": 3.0861592662282766,
    "Ct": 7.086998325478823
  },
  "prediction": 0.052128111957936984,
  "pk": {
    "vd_L_per_kg": 2.6185,
    "clearance_L_per_hr_per_kg": 0.5354,
    "half_life_hr": 3.3891,
    "bioavailability": 0.7261,
    "C0_mg_per_L_est": 0.5456
  },
  "pd": {
    "efficacy_score": 0.698
  },
  "pubchem_cid": null,
  "bioassays": [],
  "pubmed_hits": [],
  "drugbank": {},
  "Cn_mapped": 0.0568968979770027
}