{
  "names": [
    "Quercetin",
    "Eugenol",
    "Apiole"
  ],
  "smiles": [
    "Oc1cc(O)c2c(c1)oc(c(c2=O)O)c1ccc(c(c1)O)O",
    "C=CCc1ccc(c(c1)OC)O",
    "C=CCc1cc(OC)c2c(c1OC)OCO2"
  ],
  "aggregated_descriptors": {
    "MolecularWeight": 229.40519707066665,
    "XLogP": 2.0927666666666664,
    "TPSA": 65.91333333333334,
    "HBondDonorCount": 2.0,
    "HBondAcceptorCount": 4.333333333333333
  },
  "agent": {
    "At": 0.5735581554484085,
    "Ab": 0.34037017147092863,
    "Ex": 0.6040677608166372,
    "T": 0.7272677212873072,
    "Cn": 0.0937497496337775,
    "D": 0.10247495533339386,
    "H": 1.352973248461958,
    "SHP": 3.526750395698724,
    "C": 3.1290035185916905,
    "Ct": 6.880622497783935
  },
  "prediction": 0.052155265634598165,
  "pk": {
    "vd_L_per_kg": 0.406,
    "clearance_L_per_hr_per_kg": 1.2818,
    "half_life_hr": 0.2195,
    "bioavailability": 0.3325,
    "C0_mg_per_L_est": 3.5186
  },
  "pd": {
    "efficacy_score": 0.6335
  },
  "pubchem_cid": null,
  "bioassays": [],
  "pubmed_hits": [],
  "drugbank": {},
  "Cn_mapped": 0.0937497496337775
}