{
  "names": [
    "Quercetin",
    "Myrcene",
    "Eugenol"
  ],
  "smiles": [
    "Oc1cc(O)c2c(c1)oc(c(c2=O)O)c1ccc(c(c1)O)O",
    "C=CC(=C)CCC=C(C)C",
    "C=CCc1ccc(c(c1)OC)O"
  ],
  "aggregated_descriptors": {
    "MolecularWeight": 200.75052759866665,
    "XLogP": 2.530766666666667,
    "TPSA": 53.606666666666676,
    "HBondDonorCount": 2.0,
    "HBondAcceptorCount": 3.0
  },
  "agent": {
    "At": 0.626067603103652,
    "Ab": 0.3772414429066034,
    "Ex": 0.6354964406952797,
    "T": 0.7782465784491273,
    "Cn": 0.08215615973062759,
    "D": 0.12032850760742675,
    "H": 1.3559203404776472,
    "SHP": 3.624607085209129,
    "C": 3.095411047609784,
    "Ct": 6.9226150621297124
  },
  "prediction": 0.05214908618992545,
  "pk": {
    "vd_L_per_kg": 0.6315,
    "clearance_L_per_hr_per_kg": 1.0438,
    "half_life_hr": 0.4193,
    "bioavailability": 0.3761,
    "C0_mg_per_L_est": 2.2621
  },
  "pd": {
    "efficacy_score": 0.6756
  },
  "pubchem_cid": null,
  "bioassays": [],
  "pubmed_hits": [],
  "drugbank": {},
  "Cn_mapped": 0.08215615973062759
}