{
  "names": [
    "Limonene",
    "Quercetin",
    "Myrcene",
    "Eugenol"
  ],
  "smiles": [
    "CC1=CCC(CC1)C(=C)C",
    "Oc1cc(O)c2c(c1)oc(c(c2=O)O)c1ccc(c(c1)O)O",
    "C=CC(=C)CCC=C(C)C",
    "C=CCc1ccc(c(c1)OC)O"
  ],
  "aggregated_descriptors": {
    "MolecularWeight": 184.59419582699996,
    "XLogP": 2.725300000000001,
    "TPSA": 40.205000000000005,
    "HBondDonorCount": 1.5,
    "HBondAcceptorCount": 2.25
  },
  "agent": {
    "At": 0.6485450656552112,
    "Ab": 0.46059424333961524,
    "Ex": 0.6547022072668809,
    "T": 0.8013286197941365,
    "Cn": 0.07240944771199757,
    "D": 0.13740815962319894,
    "H": 1.3680014034093446,
    "SHP": 3.689066994632183,
    "C": 3.094996373369611,
    "Ct": 6.997997648199501
  },
  "prediction": 0.052138833518234194,
  "pk": {
    "vd_L_per_kg": 0.955,
    "clearance_L_per_hr_per_kg": 0.844,
    "half_life_hr": 0.7841,
    "bioavailability": 0.4631,
    "C0_mg_per_L_est": 1.4958
  },
  "pd": {
    "efficacy_score": 0.6938
  },
  "pubchem_cid": null,
  "bioassays": [],
  "pubmed_hits": [],
  "drugbank": {},
  "Cn_mapped": 0.07240944771199757
}