{
  "names": [
    "Quercetin",
    "Apiole"
  ],
  "smiles": [
    "Oc1cc(O)c2c(c1)oc(c(c2=O)O)c1ccc(c(c1)O)O",
    "C=CCc1cc(OC)c2c(c1OC)OCO2"
  ],
  "aggregated_descriptors": {
    "MolecularWeight": 262.065930794,
    "XLogP": 2.0744999999999996,
    "TPSA": 84.14000000000001,
    "HBondDonorCount": 2.5,
    "HBondAcceptorCount": 5.5
  },
  "agent": {
    "At": 0.5713227545028013,
    "Ab": 0.27750797835437757,
    "Ex": 0.5718338211472807,
    "T": 0.6925398606145842,
    "Cn": 0.11580971501358327,
    "D": 0.07389466661162376,
    "H": 1.3395348159082474,
    "SHP": 3.433626046966773,
    "C": 3.153977487911858,
    "Ct": 6.823194929395757
  },
  "prediction": 0.05216426073018803,
  "pk": {
    "vd_L_per_kg": 0.2772,
    "clearance_L_per_hr_per_kg": 1.5427,
    "half_life_hr": 0.1245,
    "bioavailability": 0.2587,
    "C0_mg_per_L_est": 5.1541
  },
  "pd": {
    "efficacy_score": 0.6315
  },
  "pubchem_cid": null,
  "bioassays": [],
  "pubmed_hits": [],
  "drugbank": {},
  "Cn_mapped": 0.11580971501358327
}