{
  "names": [
    "Limonene",
    "Apiole"
  ],
  "smiles": [
    "CC1=CCC(CC1)C(=C)C",
    "C=CCc1cc(OC)c2c(c1OC)OCO2"
  ],
  "aggregated_descriptors": {
    "MolecularWeight": 179.10720472,
    "XLogP": 2.734950000000001,
    "TPSA": 18.46,
    "HBondDonorCount": 0.0,
    "HBondAcceptorCount": 2.0
  },
  "agent": {
    "At": 0.6496440591453075,
    "Ab": 0.637267397399949,
    "Ex": 0.6614916540121915,
    "T": 0.8061130875784821,
    "Cn": 0.06231992618206905,
    "D": 0.15770270035543899,
    "H": 1.3815284889261676,
    "SHP": 3.737761012950804,
    "C": 3.099405704891773,
    "Ct": 7.065695310359135
  },
  "prediction": 0.05213054230676221,
  "pk": {
    "vd_L_per_kg": 2.1481,
    "clearance_L_per_hr_per_kg": 0.5619,
    "half_life_hr": 2.6495,
    "bioavailability": 0.6236,
    "C0_mg_per_L_est": 0.665
  },
  "pd": {
    "efficacy_score": 0.6949
  },
  "pubchem_cid": null,
  "bioassays": [],
  "pubmed_hits": [],
  "drugbank": {},
  "Cn_mapped": 0.06231992618206905
}