{
  "names": [
    "Limonene",
    "Myrcene",
    "Eugenol"
  ],
  "smiles": [
    "CC1=CCC(CC1)C(=C)C",
    "C=CC(=C)CCC=C(C)C",
    "C=CCc1ccc(c(c1)OC)O"
  ],
  "aggregated_descriptors": {
    "MolecularWeight": 145.444710216,
    "XLogP": 2.9710666666666685,
    "TPSA": 9.82,
    "HBondDonorCount": 0.3333333333333333,
    "HBondAcceptorCount": 0.6666666666666666
  },
  "agent": {
    "At": 0.6760183480451297,
    "Ab": 0.8056430822114008,
    "Ex": 0.7064360417682325,
    "T": 0.8407871364490838,
    "Cn": 0.049502541993512846,
    "D": 0.18884425759395032,
    "H": 1.3822573959421547,
    "SHP": 3.854233631114745,
    "C": 3.0742657321068374,
    "Ct": 7.145344800984497
  },
  "prediction": 0.052121892219325304,
  "pk": {
    "vd_L_per_kg": 5.2207,
    "clearance_L_per_hr_per_kg": 0.4368,
    "half_life_hr": 8.2823,
    "bioavailability": 0.7648,
    "C0_mg_per_L_est": 0.2736
  },
  "pd": {
    "efficacy_score": 0.7163
  },
  "pubchem_cid": null,
  "bioassays": [],
  "pubmed_hits": [],
  "drugbank": {},
  "Cn_mapped": 0.049502541993512846
}