{
  "names": [
    "Limonene",
    "Myrcene"
  ],
  "smiles": [
    "CC1=CCC(CC1)C(=C)C",
    "C=CC(=C)CCC=C(C)C"
  ],
  "aggregated_descriptors": {
    "MolecularWeight": 136.125200512,
    "XLogP": 3.3919500000000022,
    "TPSA": 0.0,
    "HBondDonorCount": 0.0,
    "HBondAcceptorCount": 0.0
  },
  "agent": {
    "At": 0.7203049980515738,
    "Ab": 0.45454545454545453,
    "Ex": 0.7199791321893427,
    "T": 0.8625886562957468,
    "Cn": 0.0610111774705424,
    "D": 0.16057319712536744,
    "H": 1.3619933538892925,
    "SHP": 3.8225479034188408,
    "C": 3.042773111579556,
    "Ct": 7.035270481522351
  },
  "prediction": 0.052134161548715974,
  "pk": {
    "vd_L_per_kg": 1.1883,
    "clearance_L_per_hr_per_kg": 0.8937,
    "half_life_hr": 0.9214,
    "bioavailability": 0.4549,
    "C0_mg_per_L_est": 1.2022
  },
  "pd": {
    "efficacy_score": 0.7514
  },
  "pubchem_cid": null,
  "bioassays": [],
  "pubmed_hits": [],
  "drugbank": {},
  "Cn_mapped": 0.0610111774705424
}