{
  "names": [
    "Myrcene",
    "Eugenol"
  ],
  "smiles": [
    "C=CC(=C)CCC=C(C)C",
    "C=CCc1ccc(c(c1)OC)O"
  ],
  "aggregated_descriptors": {
    "MolecularWeight": 150.104465068,
    "XLogP": 2.802150000000001,
    "TPSA": 14.73,
    "HBondDonorCount": 0.5,
    "HBondAcceptorCount": 1.0
  },
  "agent": {
    "At": 0.6572526705620201,
    "Ab": 0.7299003685996861,
    "Ex": 0.6998537794546784,
    "T": 0.8306333618309812,
    "Cn": 0.05153709126578982,
    "D": 0.18339681993343918,
    "H": 1.382517420114282,
    "SHP": 3.8275486403375347,
    "C": 3.07890176178575,
    "Ct": 7.1246936889292645
  },
  "prediction": 0.052124020568598904,
  "pk": {
    "vd_L_per_kg": 3.2578,
    "clearance_L_per_hr_per_kg": 0.5092,
    "half_life_hr": 4.4336,
    "bioavailability": 0.7061,
    "C0_mg_per_L_est": 0.4385
  },
  "pd": {
    "efficacy_score": 0.7012
  },
  "pubchem_cid": null,
  "bioassays": [],
  "pubmed_hits": [],
  "drugbank": {},
  "Cn_mapped": 0.05153709126578982
}