{
  "names": [
    "Quercetin",
    "Myrcene"
  ],
  "smiles": [
    "Oc1cc(O)c2c(c1)oc(c(c2=O)O)c1ccc(c(c1)O)O",
    "C=CC(=C)CCC=C(C)C"
  ],
  "aggregated_descriptors": {
    "MolecularWeight": 219.083926586,
    "XLogP": 2.731500000000001,
    "TPSA": 65.68,
    "HBondDonorCount": 2.5,
    "HBondAcceptorCount": 3.5
  },
  "agent": {
    "At": 0.6492513363859622,
    "Ab": 0.31826861871419476,
    "Ex": 0.6150235205195309,
    "T": 0.7727720413355846,
    "Cn": 0.09748415339644159,
    "D": 0.09719210012643886,
    "H": 1.3419453720128636,
    "SHP": 3.5728268812046173,
    "C": 3.098981437062334,
    "Ct": 6.869221721382071
  },
  "prediction": 0.05215700129694461,
  "pk": {
    "vd_L_per_kg": 0.4932,
    "clearance_L_per_hr_per_kg": 1.1729,
    "half_life_hr": 0.2914,
    "bioavailability": 0.3111,
    "C0_mg_per_L_est": 2.8964
  },
  "pd": {
    "efficacy_score": 0.694
  },
  "pubchem_cid": null,
  "bioassays": [],
  "pubmed_hits": [],
  "drugbank": {},
  "Cn_mapped": 0.09748415339644159
}