{
  "names": [
    "Limonene",
    "Quercetin",
    "Myrcene",
    "Apiole"
  ],
  "smiles": [
    "CC1=CCC(CC1)C(=C)C",
    "Oc1cc(O)c2c(c1)oc(c(c2=O)O)c1ccc(c(c1)O)O",
    "C=CC(=C)CCC=C(C)C",
    "C=CCc1cc(OC)c2c(c1OC)OCO2"
  ],
  "aggregated_descriptors": {
    "MolecularWeight": 199.095565653,
    "XLogP": 2.733225000000001,
    "TPSA": 42.07000000000001,
    "HBondDonorCount": 1.25,
    "HBondAcceptorCount": 2.75
  },
  "agent": {
    "At": 0.6494477230763522,
    "Ab": 0.4702655040658371,
    "Ex": 0.6374118129760711,
    "T": 0.7899277010999328,
    "Cn": 0.07893336320029433,
    "D": 0.12574079257617482,
    "H": 1.3701246083316794,
    "SHP": 3.650460434567841,
    "C": 3.1177972545339476,
    "Ct": 7.003511453014116
  },
  "prediction": 0.052138125842973074,
  "pk": {
    "vd_L_per_kg": 0.8476,
    "clearance_L_per_hr_per_kg": 0.8673,
    "half_life_hr": 0.6773,
    "bioavailability": 0.4727,
    "C0_mg_per_L_est": 1.6853
  },
  "pd": {
    "efficacy_score": 0.6946
  },
  "pubchem_cid": null,
  "bioassays": [],
  "pubmed_hits": [],
  "drugbank": {},
  "Cn_mapped": 0.07893336320029433
}