{
  "names": [
    "Limonene",
    "Quercetin"
  ],
  "smiles": [
    "CC1=CCC(CC1)C(=C)C",
    "Oc1cc(O)c2c(c1)oc(c(c2=O)O)c1ccc(c(c1)O)O"
  ],
  "aggregated_descriptors": {
    "MolecularWeight": 219.083926586,
    "XLogP": 2.648450000000001,
    "TPSA": 65.68,
    "HBondDonorCount": 2.5,
    "HBondAcceptorCount": 3.5
  },
  "agent": {
    "At": 0.6397374991788995,
    "Ab": 0.31826861871419476,
    "Ex": 0.6150235205195309,
    "T": 0.768367374837246,
    "Cn": 0.09643832221367311,
    "D": 0.09865089679011899,
    "H": 1.3425723752567855,
    "SHP": 3.5700762449446835,
    "C": 3.0991743111755086,
    "Ct": 6.866388549130143
  },
  "prediction": 0.052157436466494664,
  "pk": {
    "vd_L_per_kg": 0.4846,
    "clearance_L_per_hr_per_kg": 1.1856,
    "half_life_hr": 0.2832,
    "bioavailability": 0.3111,
    "C0_mg_per_L_est": 2.9481
  },
  "pd": {
    "efficacy_score": 0.6864
  },
  "pubchem_cid": null,
  "bioassays": [],
  "pubmed_hits": [],
  "drugbank": {},
  "Cn_mapped": 0.09643832221367311
}