{
  "names": [
    "Quercetin"
  ],
  "smiles": [
    "Oc1cc(O)c2c(c1)oc(c(c2=O)O)c1ccc(c(c1)O)O"
  ],
  "aggregated_descriptors": {
    "MolecularWeight": 302.04265266,
    "XLogP": 1.9879999999999995,
    "TPSA": 131.36,
    "HBondDonorCount": 5.0,
    "HBondAcceptorCount": 7.0
  },
  "agent": {
    "At": 0.5606991496822529,
    "Ab": 0.15677257525083613,
    "Ex": 0.5367747011214363,
    "T": 0.6424897285042944,
    "Cn": 0.15838807444734246,
    "D": 0.031548918299503216,
    "H": 1.2902547561923936,
    "SHP": 3.3059309914999604,
    "C": 3.1172316507660374,
    "Ct": 6.591444319297781
  },
  "prediction": 0.05220699703367068,
  "pk": {
    "vd_L_per_kg": 0.1508,
    "clearance_L_per_hr_per_kg": 2.2376,
    "half_life_hr": 0.0467,
    "bioavailability": 0.121,
    "C0_mg_per_L_est": 9.4752
  },
  "pd": {
    "efficacy_score": 0.6222
  },
  "pubchem_cid": null,
  "bioassays": [],
  "pubmed_hits": [],
  "drugbank": {},
  "Cn_mapped": 0.15838807444734246
}